file,line,type,commit,author,date,time,timezone,datetime,depth,length
style.css,1,css,2fcfeac7,Albab Neawz,2025-10-17,20:11:22,-07:00,2025-10-17T20:11:22-07:00,0,4
style.css,2,css,2fcfeac7,Albab Neawz,2025-10-17,20:11:22,-07:00,2025-10-17T20:11:22-07:00,1,23
style.css,3,css,71b1acb6,Albab Neawz,2025-10-17,20:43:28,-07:00,2025-10-17T20:43:28-07:00,0,0
style.css,4,css,71b1acb6,Albab Neawz,2025-10-17,20:43:28,-07:00,2025-10-17T20:43:28-07:00,0,0
style.css,5,css,71b1acb6,Albab Neawz,2025-10-17,20:43:28,-07:00,2025-10-17T20:43:28-07:00,0,4
style.css,6,css,cf92f32e,Albab Neawz,2025-10-03,22:13:58,-07:00,2025-10-03T22:13:58-07:00,1,23
style.css,7,css,d5f789f1,Albab Neawz,2025-10-10,21:45:10,-07:00,2025-10-10T21:45:10-07:00,1,8
style.css,8,css,d5f789f1,Albab Neawz,2025-10-10,21:45:10,-07:00,2025-10-10T21:45:10-07:00,1,9
style.css,9,css,d5f789f1,Albab Neawz,2025-10-10,21:45:10,-07:00,2025-10-10T21:45:10-07:00,1,15
style.css,10,css,d5f789f1,Albab Neawz,2025-10-10,21:45:10,-07:00,2025-10-10T21:45:10-07:00,1,18
style.css,11,css,d5f789f1,Albab Neawz,2025-10-10,21:45:10,-07:00,2025-10-10T21:45:10-07:00,1,19
style.css,12,css,71b1acb6,Albab Neawz,2025-10-17,20:43:28,-07:00,2025-10-17T20:43:28-07:00,1,34
style.css,13,css,71b1acb6,Albab Neawz,2025-10-17,20:43:28,-07:00,2025-10-17T20:43:28-07:00,1,11
style.css,14,css,a34950dd,Albab Neawz,2025-10-17,20:38:55,-07:00,2025-10-17T20:38:55-07:00,1,44
style.css,15,css,a34950dd,Albab Neawz,2025-10-17,20:38:55,-07:00,2025-10-17T20:38:55-07:00,0,0
style.css,16,css,a34950dd,Albab Neawz,2025-10-17,20:38:55,-07:00,2025-10-17T20:38:55-07:00,0,0
style.css,17,css,71b1acb6,Albab Neawz,2025-10-17,20:43:28,-07:00,2025-10-17T20:43:28-07:00,0,35
style.css,18,css,71b1acb6,Albab Neawz,2025-10-17,20:43:28,-07:00,2025-10-17T20:43:28-07:00,1,34
style.css,19,css,71b1acb6,Albab Neawz,2025-10-17,20:43:28,-07:00,2025-10-17T20:43:28-07:00,1,10
style.css,20,css,d5f789f1,Albab Neawz,2025-10-10,21:45:10,-07:00,2025-10-10T21:45:10-07:00,0,0
style.css,21,css,d5f789f1,Albab Neawz,2025-10-10,21:45:10,-07:00,2025-10-10T21:45:10-07:00,0,0
style.css,22,css,d5f789f1,Albab Neawz,2025-10-10,21:45:10,-07:00,2025-10-10T21:45:10-07:00,0,3
style.css,23,css,d5f789f1,Albab Neawz,2025-10-10,21:45:10,-07:00,2025-10-10T21:45:10-07:00,1,12
style.css,24,css,d5f789f1,Albab Neawz,2025-10-10,21:45:10,-07:00,2025-10-10T21:45:10-07:00,1,28
style.css,25,css,d5f789f1,Albab Neawz,2025-10-10,21:45:10,-07:00,2025-10-10T21:45:10-07:00,1,18
style.css,26,css,d5f789f1,Albab Neawz,2025-10-10,21:45:10,-07:00,2025-10-10T21:45:10-07:00,1,8
style.css,27,css,d5f789f1,Albab Neawz,2025-10-10,21:45:10,-07:00,2025-10-10T21:45:10-07:00,1,12
style.css,28,css,d9b2e4bc,Albab Neawz,2025-10-17,20:22:15,-07:00,2025-10-17T20:22:15-07:00,1,69
style.css,29,css,71b1acb6,Albab Neawz,2025-10-17,20:43:28,-07:00,2025-10-17T20:43:28-07:00,1,34
style.css,30,css,d9b2e4bc,Albab Neawz,2025-10-17,20:22:15,-07:00,2025-10-17T20:22:15-07:00,1,44
style.css,31,css,d9b2e4bc,Albab Neawz,2025-10-17,20:22:15,-07:00,2025-10-17T20:22:15-07:00,0,0
style.css,32,css,d9b2e4bc,Albab Neawz,2025-10-17,20:22:15,-07:00,2025-10-17T20:22:15-07:00,0,0
style.css,33,css,71b1acb6,Albab Neawz,2025-10-17,20:43:28,-07:00,2025-10-17T20:43:28-07:00,0,34
style.css,34,css,71b1acb6,Albab Neawz,2025-10-17,20:43:28,-07:00,2025-10-17T20:43:28-07:00,1,34
style.css,35,css,71b1acb6,Albab Neawz,2025-10-17,20:43:28,-07:00,2025-10-17T20:43:28-07:00,0,0
style.css,36,css,71b1acb6,Albab Neawz,2025-10-17,20:43:28,-07:00,2025-10-17T20:43:28-07:00,0,0
style.css,37,css,d5f789f1,Albab Neawz,2025-10-10,21:45:10,-07:00,2025-10-10T21:45:10-07:00,0,5
style.css,38,css,d5f789f1,Albab Neawz,2025-10-10,21:45:10,-07:00,2025-10-10T21:45:10-07:00,1,20
style.css,39,css,d5f789f1,Albab Neawz,2025-10-10,21:45:10,-07:00,2025-10-10T21:45:10-07:00,1,11
style.css,40,css,d5f789f1,Albab Neawz,2025-10-10,21:45:10,-07:00,2025-10-10T21:45:10-07:00,1,15
style.css,41,css,a34950dd,Albab Neawz,2025-10-17,20:38:55,-07:00,2025-10-17T20:38:55-07:00,1,22
style.css,42,css,d9b2e4bc,Albab Neawz,2025-10-17,20:22:15,-07:00,2025-10-17T20:22:15-07:00,1,21
style.css,43,css,a34950dd,Albab Neawz,2025-10-17,20:38:55,-07:00,2025-10-17T20:38:55-07:00,1,44
style.css,44,css,d5f789f1,Albab Neawz,2025-10-10,21:45:10,-07:00,2025-10-10T21:45:10-07:00,0,0
style.css,45,css,d5f789f1,Albab Neawz,2025-10-10,21:45:10,-07:00,2025-10-10T21:45:10-07:00,0,0
style.css,46,css,71b1acb6,Albab Neawz,2025-10-17,20:43:28,-07:00,2025-10-17T20:43:28-07:00,0,36
style.css,47,css,71b1acb6,Albab Neawz,2025-10-17,20:43:28,-07:00,2025-10-17T20:43:28-07:00,1,10
style.css,48,css,71b1acb6,Albab Neawz,2025-10-17,20:43:28,-07:00,2025-10-17T20:43:28-07:00,0,0
style.css,49,css,71b1acb6,Albab Neawz,2025-10-17,20:43:28,-07:00,2025-10-17T20:43:28-07:00,0,0
style.css,50,css,d5f789f1,Albab Neawz,2025-10-10,21:45:10,-07:00,2025-10-10T21:45:10-07:00,0,11
style.css,51,css,71b1acb6,Albab Neawz,2025-10-17,20:43:28,-07:00,2025-10-17T20:43:28-07:00,1,41
style.css,52,css,71b1acb6,Albab Neawz,2025-10-17,20:43:28,-07:00,2025-10-17T20:43:28-07:00,0,0
style.css,53,css,71b1acb6,Albab Neawz,2025-10-17,20:43:28,-07:00,2025-10-17T20:43:28-07:00,0,0
style.css,54,css,71b1acb6,Albab Neawz,2025-10-17,20:43:28,-07:00,2025-10-17T20:43:28-07:00,0,42
style.css,55,css,71b1acb6,Albab Neawz,2025-10-17,20:43:28,-07:00,2025-10-17T20:43:28-07:00,1,41
style.css,56,css,d9b2e4bc,Albab Neawz,2025-10-17,20:22:15,-07:00,2025-10-17T20:22:15-07:00,0,0
style.css,57,css,d9b2e4bc,Albab Neawz,2025-10-17,20:22:15,-07:00,2025-10-17T20:22:15-07:00,0,0
style.css,58,css,d9b2e4bc,Albab Neawz,2025-10-17,20:22:15,-07:00,2025-10-17T20:22:15-07:00,0,13
style.css,59,css,a34950dd,Albab Neawz,2025-10-17,20:38:55,-07:00,2025-10-17T20:38:55-07:00,1,13
style.css,60,css,d9b2e4bc,Albab Neawz,2025-10-17,20:22:15,-07:00,2025-10-17T20:22:15-07:00,1,16
style.css,61,css,a34950dd,Albab Neawz,2025-10-17,20:38:55,-07:00,2025-10-17T20:38:55-07:00,1,41
style.css,62,css,d9b2e4bc,Albab Neawz,2025-10-17,20:22:15,-07:00,2025-10-17T20:22:15-07:00,0,0
style.css,63,css,d9b2e4bc,Albab Neawz,2025-10-17,20:22:15,-07:00,2025-10-17T20:22:15-07:00,0,0
style.css,64,css,71b1acb6,Albab Neawz,2025-10-17,20:43:28,-07:00,2025-10-17T20:43:28-07:00,0,44
style.css,65,css,71b1acb6,Albab Neawz,2025-10-17,20:43:28,-07:00,2025-10-17T20:43:28-07:00,1,41
style.css,66,css,71b1acb6,Albab Neawz,2025-10-17,20:43:28,-07:00,2025-10-17T20:43:28-07:00,0,0
style.css,67,css,71b1acb6,Albab Neawz,2025-10-17,20:43:28,-07:00,2025-10-17T20:43:28-07:00,0,0
style.css,68,css,d9b2e4bc,Albab Neawz,2025-10-17,20:22:15,-07:00,2025-10-17T20:22:15-07:00,0,13
style.css,69,css,d9b2e4bc,Albab Neawz,2025-10-17,20:22:15,-07:00,2025-10-17T20:22:15-07:00,1,17
style.css,70,css,d9b2e4bc,Albab Neawz,2025-10-17,20:22:15,-07:00,2025-10-17T20:22:15-07:00,1,8
style.css,71,css,d9b2e4bc,Albab Neawz,2025-10-17,20:22:15,-07:00,2025-10-17T20:22:15-07:00,1,10
style.css,72,css,d9b2e4bc,Albab Neawz,2025-10-17,20:22:15,-07:00,2025-10-17T20:22:15-07:00,1,16
style.css,73,css,d9b2e4bc,Albab Neawz,2025-10-17,20:22:15,-07:00,2025-10-17T20:22:15-07:00,0,0
style.css,74,css,d9b2e4bc,Albab Neawz,2025-10-17,20:22:15,-07:00,2025-10-17T20:22:15-07:00,0,0
style.css,75,css,d5f789f1,Albab Neawz,2025-10-10,21:45:10,-07:00,2025-10-10T21:45:10-07:00,0,2
style.css,76,css,d5f789f1,Albab Neawz,2025-10-10,21:45:10,-07:00,2025-10-10T21:45:10-07:00,1,14
style.css,77,css,d5f789f1,Albab Neawz,2025-10-10,21:45:10,-07:00,2025-10-10T21:45:10-07:00,1,17
style.css,78,css,d5f789f1,Albab Neawz,2025-10-10,21:45:10,-07:00,2025-10-10T21:45:10-07:00,0,0
style.css,79,css,d5f789f1,Albab Neawz,2025-10-10,21:45:10,-07:00,2025-10-10T21:45:10-07:00,0,0
style.css,80,css,d5f789f1,Albab Neawz,2025-10-10,21:45:10,-07:00,2025-10-10T21:45:10-07:00,0,3
style.css,81,css,d5f789f1,Albab Neawz,2025-10-10,21:45:10,-07:00,2025-10-10T21:45:10-07:00,1,14
style.css,82,css,d5f789f1,Albab Neawz,2025-10-10,21:45:10,-07:00,2025-10-10T21:45:10-07:00,1,11
style.css,83,css,d5f789f1,Albab Neawz,2025-10-10,21:45:10,-07:00,2025-10-10T21:45:10-07:00,1,20
style.css,84,css,d5f789f1,Albab Neawz,2025-10-10,21:45:10,-07:00,2025-10-10T21:45:10-07:00,1,13
style.css,85,css,d5f789f1,Albab Neawz,2025-10-10,21:45:10,-07:00,2025-10-10T21:45:10-07:00,1,13
style.css,86,css,d5f789f1,Albab Neawz,2025-10-10,21:45:10,-07:00,2025-10-10T21:45:10-07:00,0,0
style.css,87,css,d5f789f1,Albab Neawz,2025-10-10,21:45:10,-07:00,2025-10-10T21:45:10-07:00,0,0
style.css,88,css,d5f789f1,Albab Neawz,2025-10-10,21:45:10,-07:00,2025-10-10T21:45:10-07:00,0,4
style.css,89,css,d5f789f1,Albab Neawz,2025-10-10,21:45:10,-07:00,2025-10-10T21:45:10-07:00,1,12
style.css,90,css,d5f789f1,Albab Neawz,2025-10-10,21:45:10,-07:00,2025-10-10T21:45:10-07:00,1,30
style.css,91,css,d5f789f1,Albab Neawz,2025-10-10,21:45:10,-07:00,2025-10-10T21:45:10-07:00,1,15
style.css,92,css,d5f789f1,Albab Neawz,2025-10-10,21:45:10,-07:00,2025-10-10T21:45:10-07:00,1,18
style.css,93,css,d5f789f1,Albab Neawz,2025-10-10,21:45:10,-07:00,2025-10-10T21:45:10-07:00,1,15
style.css,94,css,d5f789f1,Albab Neawz,2025-10-10,21:45:10,-07:00,2025-10-10T21:45:10-07:00,1,16
style.css,95,css,d5f789f1,Albab Neawz,2025-10-10,21:45:10,-07:00,2025-10-10T21:45:10-07:00,0,0
style.css,96,css,d5f789f1,Albab Neawz,2025-10-10,21:45:10,-07:00,2025-10-10T21:45:10-07:00,0,0
style.css,97,css,d5f789f1,Albab Neawz,2025-10-10,21:45:10,-07:00,2025-10-10T21:45:10-07:00,0,5
style.css,98,css,d5f789f1,Albab Neawz,2025-10-10,21:45:10,-07:00,2025-10-10T21:45:10-07:00,1,16
style.css,99,css,d5f789f1,Albab Neawz,2025-10-10,21:45:10,-07:00,2025-10-10T21:45:10-07:00,1,15
style.css,100,css,d5f789f1,Albab Neawz,2025-10-10,21:45:10,-07:00,2025-10-10T21:45:10-07:00,0,0
style.css,101,css,d5f789f1,Albab Neawz,2025-10-10,21:45:10,-07:00,2025-10-10T21:45:10-07:00,0,0
style.css,102,css,d5f789f1,Albab Neawz,2025-10-10,21:45:10,-07:00,2025-10-10T21:45:10-07:00,0,4
style.css,103,css,d5f789f1,Albab Neawz,2025-10-10,21:45:10,-07:00,2025-10-10T21:45:10-07:00,0,7
style.css,104,css,d5f789f1,Albab Neawz,2025-10-10,21:45:10,-07:00,2025-10-10T21:45:10-07:00,0,6
style.css,105,css,d5f789f1,Albab Neawz,2025-10-10,21:45:10,-07:00,2025-10-10T21:45:10-07:00,1,12
style.css,106,css,d5f789f1,Albab Neawz,2025-10-10,21:45:10,-07:00,2025-10-10T21:45:10-07:00,1,14
style.css,107,css,d5f789f1,Albab Neawz,2025-10-10,21:45:10,-07:00,2025-10-10T21:45:10-07:00,1,21
style.css,108,css,d5f789f1,Albab Neawz,2025-10-10,21:45:10,-07:00,2025-10-10T21:45:10-07:00,1,21
style.css,109,css,d5f789f1,Albab Neawz,2025-10-10,21:45:10,-07:00,2025-10-10T21:45:10-07:00,1,10
style.css,110,css,4ce3e4cb,Albab Neawz,2025-10-10,21:16:49,-07:00,2025-10-10T21:16:49-07:00,1,21
style.css,111,css,71b1acb6,Albab Neawz,2025-10-17,20:43:28,-07:00,2025-10-17T20:43:28-07:00,1,22
style.css,112,css,71b1acb6,Albab Neawz,2025-10-17,20:43:28,-07:00,2025-10-17T20:43:28-07:00,1,11
style.css,113,css,71b1acb6,Albab Neawz,2025-10-17,20:43:28,-07:00,2025-10-17T20:43:28-07:00,0,0
style.css,114,css,71b1acb6,Albab Neawz,2025-10-17,20:43:28,-07:00,2025-10-17T20:43:28-07:00,0,0
style.css,115,css,71b1acb6,Albab Neawz,2025-10-17,20:43:28,-07:00,2025-10-17T20:43:28-07:00,0,35
style.css,116,css,71b1acb6,Albab Neawz,2025-10-17,20:43:28,-07:00,2025-10-17T20:43:28-07:00,0,38
style.css,117,css,71b1acb6,Albab Neawz,2025-10-17,20:43:28,-07:00,2025-10-17T20:43:28-07:00,0,37
style.css,118,css,71b1acb6,Albab Neawz,2025-10-17,20:43:28,-07:00,2025-10-17T20:43:28-07:00,1,34
style.css,119,css,71b1acb6,Albab Neawz,2025-10-17,20:43:28,-07:00,2025-10-17T20:43:28-07:00,1,10
style.css,120,css,71b1acb6,Albab Neawz,2025-10-17,20:43:28,-07:00,2025-10-17T20:43:28-07:00,1,36
style.css,121,css,cf92f32e,Albab Neawz,2025-10-03,22:13:58,-07:00,2025-10-03T22:13:58-07:00,0,0
style.css,122,css,d5f789f1,Albab Neawz,2025-10-10,21:45:10,-07:00,2025-10-10T21:45:10-07:00,0,0
style.css,123,css,d5f789f1,Albab Neawz,2025-10-10,21:45:10,-07:00,2025-10-10T21:45:10-07:00,0,8
style.css,124,css,d5f789f1,Albab Neawz,2025-10-10,21:45:10,-07:00,2025-10-10T21:45:10-07:00,1,15
style.css,125,css,d5f789f1,Albab Neawz,2025-10-10,21:45:10,-07:00,2025-10-10T21:45:10-07:00,1,15
style.css,126,css,d5f789f1,Albab Neawz,2025-10-10,21:45:10,-07:00,2025-10-10T21:45:10-07:00,0,0
style.css,127,css,d5f789f1,Albab Neawz,2025-10-10,21:45:10,-07:00,2025-10-10T21:45:10-07:00,0,0
style.css,128,css,d5f789f1,Albab Neawz,2025-10-10,21:45:10,-07:00,2025-10-10T21:45:10-07:00,0,6
style.css,129,css,d5f789f1,Albab Neawz,2025-10-10,21:45:10,-07:00,2025-10-10T21:45:10-07:00,1,13
style.css,130,css,d5f789f1,Albab Neawz,2025-10-10,21:45:10,-07:00,2025-10-10T21:45:10-07:00,1,17
style.css,131,css,d5f789f1,Albab Neawz,2025-10-10,21:45:10,-07:00,2025-10-10T21:45:10-07:00,1,18
style.css,132,css,d5f789f1,Albab Neawz,2025-10-10,21:45:10,-07:00,2025-10-10T21:45:10-07:00,1,24
style.css,133,css,d5f789f1,Albab Neawz,2025-10-10,21:45:10,-07:00,2025-10-10T21:45:10-07:00,1,11
style.css,134,css,d5f789f1,Albab Neawz,2025-10-10,21:45:10,-07:00,2025-10-10T21:45:10-07:00,1,11
style.css,135,css,d5f789f1,Albab Neawz,2025-10-10,21:45:10,-07:00,2025-10-10T21:45:10-07:00,1,14
style.css,136,css,d5f789f1,Albab Neawz,2025-10-10,21:45:10,-07:00,2025-10-10T21:45:10-07:00,1,32
style.css,137,css,d5f789f1,Albab Neawz,2025-10-10,21:45:10,-07:00,2025-10-10T21:45:10-07:00,0,0
style.css,138,css,d5f789f1,Albab Neawz,2025-10-10,21:45:10,-07:00,2025-10-10T21:45:10-07:00,0,0
style.css,139,css,d5f789f1,Albab Neawz,2025-10-10,21:45:10,-07:00,2025-10-10T21:45:10-07:00,0,12
style.css,140,css,d5f789f1,Albab Neawz,2025-10-10,21:45:10,-07:00,2025-10-10T21:45:10-07:00,1,24
style.css,141,css,d5f789f1,Albab Neawz,2025-10-10,21:45:10,-07:00,2025-10-10T21:45:10-07:00,0,0
style.css,142,css,d5f789f1,Albab Neawz,2025-10-10,21:45:10,-07:00,2025-10-10T21:45:10-07:00,0,0
style.css,143,css,d5f789f1,Albab Neawz,2025-10-10,21:45:10,-07:00,2025-10-10T21:45:10-07:00,0,9
style.css,144,css,d5f789f1,Albab Neawz,2025-10-10,21:45:10,-07:00,2025-10-10T21:45:10-07:00,1,12
style.css,145,css,d5f789f1,Albab Neawz,2025-10-10,21:45:10,-07:00,2025-10-10T21:45:10-07:00,1,58
style.css,146,css,d5f789f1,Albab Neawz,2025-10-10,21:45:10,-07:00,2025-10-10T21:45:10-07:00,1,10
style.css,147,css,d5f789f1,Albab Neawz,2025-10-10,21:45:10,-07:00,2025-10-10T21:45:10-07:00,1,13
style.css,148,css,d5f789f1,Albab Neawz,2025-10-10,21:45:10,-07:00,2025-10-10T21:45:10-07:00,0,0
style.css,149,css,d5f789f1,Albab Neawz,2025-10-10,21:45:10,-07:00,2025-10-10T21:45:10-07:00,0,0
style.css,150,css,d5f789f1,Albab Neawz,2025-10-10,21:45:10,-07:00,2025-10-10T21:45:10-07:00,0,8
style.css,151,css,d5f789f1,Albab Neawz,2025-10-10,21:45:10,-07:00,2025-10-10T21:45:10-07:00,1,12
style.css,152,css,d5f789f1,Albab Neawz,2025-10-10,21:45:10,-07:00,2025-10-10T21:45:10-07:00,1,26
style.css,153,css,d5f789f1,Albab Neawz,2025-10-10,21:45:10,-07:00,2025-10-10T21:45:10-07:00,1,15
style.css,154,css,d5f789f1,Albab Neawz,2025-10-10,21:45:10,-07:00,2025-10-10T21:45:10-07:00,1,21
style.css,155,css,d5f789f1,Albab Neawz,2025-10-10,21:45:10,-07:00,2025-10-10T21:45:10-07:00,1,20
style.css,156,css,d5f789f1,Albab Neawz,2025-10-10,21:45:10,-07:00,2025-10-10T21:45:10-07:00,1,12
style.css,157,css,d5f789f1,Albab Neawz,2025-10-10,21:45:10,-07:00,2025-10-10T21:45:10-07:00,1,24
style.css,158,css,a34950dd,Albab Neawz,2025-10-17,20:38:55,-07:00,2025-10-17T20:38:55-07:00,1,84
style.css,159,css,d5f789f1,Albab Neawz,2025-10-10,21:45:10,-07:00,2025-10-10T21:45:10-07:00,0,0
style.css,160,css,d5f789f1,Albab Neawz,2025-10-10,21:45:10,-07:00,2025-10-10T21:45:10-07:00,0,0
style.css,161,css,71b1acb6,Albab Neawz,2025-10-17,20:43:28,-07:00,2025-10-17T20:43:28-07:00,0,39
style.css,162,css,71b1acb6,Albab Neawz,2025-10-17,20:43:28,-07:00,2025-10-17T20:43:28-07:00,1,40
style.css,163,css,71b1acb6,Albab Neawz,2025-10-17,20:43:28,-07:00,2025-10-17T20:43:28-07:00,1,36
style.css,164,css,71b1acb6,Albab Neawz,2025-10-17,20:43:28,-07:00,2025-10-17T20:43:28-07:00,0,0
style.css,165,css,71b1acb6,Albab Neawz,2025-10-17,20:43:28,-07:00,2025-10-17T20:43:28-07:00,0,0
style.css,166,css,d5f789f1,Albab Neawz,2025-10-10,21:45:10,-07:00,2025-10-10T21:45:10-07:00,0,14
style.css,167,css,d5f789f1,Albab Neawz,2025-10-10,21:45:10,-07:00,2025-10-10T21:45:10-07:00,1,26
style.css,168,css,d5f789f1,Albab Neawz,2025-10-10,21:45:10,-07:00,2025-10-10T21:45:10-07:00,1,40
style.css,169,css,d5f789f1,Albab Neawz,2025-10-10,21:45:10,-07:00,2025-10-10T21:45:10-07:00,0,0
style.css,170,css,d5f789f1,Albab Neawz,2025-10-10,21:45:10,-07:00,2025-10-10T21:45:10-07:00,0,0
style.css,171,css,d5f789f1,Albab Neawz,2025-10-10,21:45:10,-07:00,2025-10-10T21:45:10-07:00,0,12
style.css,172,css,d5f789f1,Albab Neawz,2025-10-10,21:45:10,-07:00,2025-10-10T21:45:10-07:00,1,14
style.css,173,css,d5f789f1,Albab Neawz,2025-10-10,21:45:10,-07:00,2025-10-10T21:45:10-07:00,1,11
style.css,174,css,d5f789f1,Albab Neawz,2025-10-10,21:45:10,-07:00,2025-10-10T21:45:10-07:00,1,21
style.css,175,css,d5f789f1,Albab Neawz,2025-10-10,21:45:10,-07:00,2025-10-10T21:45:10-07:00,0,0
style.css,176,css,d5f789f1,Albab Neawz,2025-10-10,21:45:10,-07:00,2025-10-10T21:45:10-07:00,0,0
style.css,177,css,d5f789f1,Albab Neawz,2025-10-10,21:45:10,-07:00,2025-10-10T21:45:10-07:00,0,11
style.css,178,css,d5f789f1,Albab Neawz,2025-10-10,21:45:10,-07:00,2025-10-10T21:45:10-07:00,1,17
style.css,179,css,d5f789f1,Albab Neawz,2025-10-10,21:45:10,-07:00,2025-10-10T21:45:10-07:00,1,15
style.css,180,css,d5f789f1,Albab Neawz,2025-10-10,21:45:10,-07:00,2025-10-10T21:45:10-07:00,0,0
style.css,181,css,d5f789f1,Albab Neawz,2025-10-10,21:45:10,-07:00,2025-10-10T21:45:10-07:00,0,0
style.css,182,css,d5f789f1,Albab Neawz,2025-10-10,21:45:10,-07:00,2025-10-10T21:45:10-07:00,0,10
style.css,183,css,d5f789f1,Albab Neawz,2025-10-10,21:45:10,-07:00,2025-10-10T21:45:10-07:00,1,8
style.css,184,css,d5f789f1,Albab Neawz,2025-10-10,21:45:10,-07:00,2025-10-10T21:45:10-07:00,1,15
style.css,185,css,d5f789f1,Albab Neawz,2025-10-10,21:45:10,-07:00,2025-10-10T21:45:10-07:00,0,0
style.css,186,css,d5f789f1,Albab Neawz,2025-10-10,21:45:10,-07:00,2025-10-10T21:45:10-07:00,0,0
style.css,187,css,d5f789f1,Albab Neawz,2025-10-10,21:45:10,-07:00,2025-10-10T21:45:10-07:00,0,7
style.css,188,css,d5f789f1,Albab Neawz,2025-10-10,21:45:10,-07:00,2025-10-10T21:45:10-07:00,1,12
style.css,189,css,d5f789f1,Albab Neawz,2025-10-10,21:45:10,-07:00,2025-10-10T21:45:10-07:00,1,8
style.css,190,css,d5f789f1,Albab Neawz,2025-10-10,21:45:10,-07:00,2025-10-10T21:45:10-07:00,1,13
style.css,191,css,d5f789f1,Albab Neawz,2025-10-10,21:45:10,-07:00,2025-10-10T21:45:10-07:00,0,0
style.css,192,css,d5f789f1,Albab Neawz,2025-10-10,21:45:10,-07:00,2025-10-10T21:45:10-07:00,0,0
style.css,193,css,d5f789f1,Albab Neawz,2025-10-10,21:45:10,-07:00,2025-10-10T21:45:10-07:00,0,15
style.css,194,css,d5f789f1,Albab Neawz,2025-10-10,21:45:10,-07:00,2025-10-10T21:45:10-07:00,1,29
style.css,195,css,d5f789f1,Albab Neawz,2025-10-10,21:45:10,-07:00,2025-10-10T21:45:10-07:00,1,17
style.css,196,css,71b1acb6,Albab Neawz,2025-10-17,20:43:28,-07:00,2025-10-17T20:43:28-07:00,1,51
style.css,197,css,a34950dd,Albab Neawz,2025-10-17,20:38:55,-07:00,2025-10-17T20:38:55-07:00,0,0
style.css,198,css,a34950dd,Albab Neawz,2025-10-17,20:38:55,-07:00,2025-10-17T20:38:55-07:00,0,0
style.css,199,css,a34950dd,Albab Neawz,2025-10-17,20:38:55,-07:00,2025-10-17T20:38:55-07:00,0,46
style.css,200,css,71b1acb6,Albab Neawz,2025-10-17,20:43:28,-07:00,2025-10-17T20:43:28-07:00,1,42
style.css,201,css,a34950dd,Albab Neawz,2025-10-17,20:38:55,-07:00,2025-10-17T20:38:55-07:00,0,0
style.css,202,css,50a2b821,Albab Neawz,2025-10-24,19:43:42,-07:00,2025-10-24T19:43:42-07:00,0,0
style.css,203,css,50a2b821,Albab Neawz,2025-10-24,19:43:42,-07:00,2025-10-24T19:43:42-07:00,0,17
style.css,204,css,50a2b821,Albab Neawz,2025-10-24,19:43:42,-07:00,2025-10-24T19:43:42-07:00,1,12
style.css,205,css,50a2b821,Albab Neawz,2025-10-24,19:43:42,-07:00,2025-10-24T19:43:42-07:00,1,36
style.css,206,css,50a2b821,Albab Neawz,2025-10-24,19:43:42,-07:00,2025-10-24T19:43:42-07:00,1,8
style.css,207,css,50a2b821,Albab Neawz,2025-10-24,19:43:42,-07:00,2025-10-24T19:43:42-07:00,1,17
style.css,208,css,50a2b821,Albab Neawz,2025-10-24,19:43:42,-07:00,2025-10-24T19:43:42-07:00,1,14
style.css,209,css,50a2b821,Albab Neawz,2025-10-24,19:43:42,-07:00,2025-10-24T19:43:42-07:00,0,0
style.css,210,css,50a2b821,Albab Neawz,2025-10-24,19:43:42,-07:00,2025-10-24T19:43:42-07:00,0,0
style.css,211,css,50a2b821,Albab Neawz,2025-10-24,19:43:42,-07:00,2025-10-24T19:43:42-07:00,0,17
style.css,212,css,50a2b821,Albab Neawz,2025-10-24,19:43:42,-07:00,2025-10-24T19:43:42-07:00,1,16
style.css,213,css,50a2b821,Albab Neawz,2025-10-24,19:43:42,-07:00,2025-10-24T19:43:42-07:00,0,0
style.css,214,css,50a2b821,Albab Neawz,2025-10-24,19:43:42,-07:00,2025-10-24T19:43:42-07:00,0,0
style.css,215,css,50a2b821,Albab Neawz,2025-10-24,19:43:42,-07:00,2025-10-24T19:43:42-07:00,0,17
style.css,216,css,50a2b821,Albab Neawz,2025-10-24,19:43:42,-07:00,2025-10-24T19:43:42-07:00,1,8
style.css,217,css,50a2b821,Albab Neawz,2025-10-24,19:43:42,-07:00,2025-10-24T19:43:42-07:00,0,0
style.css,218,css,f8d03dd0,Albab Neawz,2025-10-31,20:52:12,-07:00,2025-10-31T20:52:12-07:00,0,0
style.css,219,css,f8d03dd0,Albab Neawz,2025-10-31,20:52:12,-07:00,2025-10-31T20:52:12-07:00,0,18
style.css,220,css,9c5e0d60,Albab Neawz,2025-10-31,23:11:26,-07:00,2025-10-31T23:11:26-07:00,1,10
style.css,221,css,f8d03dd0,Albab Neawz,2025-10-31,20:52:12,-07:00,2025-10-31T20:52:12-07:00,1,14
style.css,222,css,9c5e0d60,Albab Neawz,2025-10-31,23:11:26,-07:00,2025-10-31T23:11:26-07:00,1,11
style.css,223,css,f8d03dd0,Albab Neawz,2025-10-31,20:52:12,-07:00,2025-10-31T20:52:12-07:00,1,16
style.css,224,css,9c5e0d60,Albab Neawz,2025-10-31,23:11:26,-07:00,2025-10-31T23:11:26-07:00,1,13
style.css,225,css,f8d03dd0,Albab Neawz,2025-10-31,20:52:12,-07:00,2025-10-31T20:52:12-07:00,1,16
style.css,226,css,f8d03dd0,Albab Neawz,2025-10-31,20:52:12,-07:00,2025-10-31T20:52:12-07:00,0,0
style.css,227,css,f8d03dd0,Albab Neawz,2025-10-31,20:52:12,-07:00,2025-10-31T20:52:12-07:00,0,0
style.css,228,css,f8d03dd0,Albab Neawz,2025-10-31,20:52:12,-07:00,2025-10-31T20:52:12-07:00,0,7
style.css,229,css,f8d03dd0,Albab Neawz,2025-10-31,20:52:12,-07:00,2025-10-31T20:52:12-07:00,1,12
style.css,230,css,f8d03dd0,Albab Neawz,2025-10-31,20:52:12,-07:00,2025-10-31T20:52:12-07:00,1,57
style.css,231,css,f8d03dd0,Albab Neawz,2025-10-31,20:52:12,-07:00,2025-10-31T20:52:12-07:00,1,7
style.css,232,css,f8d03dd0,Albab Neawz,2025-10-31,20:52:12,-07:00,2025-10-31T20:52:12-07:00,1,41
style.css,233,css,f8d03dd0,Albab Neawz,2025-10-31,20:52:12,-07:00,2025-10-31T20:52:12-07:00,1,11
style.css,234,css,f8d03dd0,Albab Neawz,2025-10-31,20:52:12,-07:00,2025-10-31T20:52:12-07:00,1,16
style.css,235,css,f8d03dd0,Albab Neawz,2025-10-31,20:52:12,-07:00,2025-10-31T20:52:12-07:00,1,17
style.css,236,css,9c5e0d60,Albab Neawz,2025-10-31,23:11:26,-07:00,2025-10-31T23:11:26-07:00,1,19
style.css,237,css,f8d03dd0,Albab Neawz,2025-10-31,20:52:12,-07:00,2025-10-31T20:52:12-07:00,0,0
style.css,238,css,f8d03dd0,Albab Neawz,2025-10-31,20:52:12,-07:00,2025-10-31T20:52:12-07:00,0,0
style.css,239,css,f8d03dd0,Albab Neawz,2025-10-31,20:52:12,-07:00,2025-10-31T20:52:12-07:00,0,10
style.css,240,css,f8d03dd0,Albab Neawz,2025-10-31,20:52:12,-07:00,2025-10-31T20:52:12-07:00,1,12
style.css,241,css,f8d03dd0,Albab Neawz,2025-10-31,20:52:12,-07:00,2025-10-31T20:52:12-07:00,1,18
style.css,242,css,f8d03dd0,Albab Neawz,2025-10-31,20:52:12,-07:00,2025-10-31T20:52:12-07:00,1,9
style.css,243,css,f8d03dd0,Albab Neawz,2025-10-31,20:52:12,-07:00,2025-10-31T20:52:12-07:00,0,0
style.css,244,css,f8d03dd0,Albab Neawz,2025-10-31,20:52:12,-07:00,2025-10-31T20:52:12-07:00,0,0
style.css,245,css,f8d03dd0,Albab Neawz,2025-10-31,20:52:12,-07:00,2025-10-31T20:52:12-07:00,0,15
style.css,246,css,f8d03dd0,Albab Neawz,2025-10-31,20:52:12,-07:00,2025-10-31T20:52:12-07:00,1,9
style.css,247,css,f8d03dd0,Albab Neawz,2025-10-31,20:52:12,-07:00,2025-10-31T20:52:12-07:00,1,10
style.css,248,css,f8d03dd0,Albab Neawz,2025-10-31,20:52:12,-07:00,2025-10-31T20:52:12-07:00,1,18
style.css,249,css,f8d03dd0,Albab Neawz,2025-10-31,20:52:12,-07:00,2025-10-31T20:52:12-07:00,1,29
style.css,250,css,f8d03dd0,Albab Neawz,2025-10-31,20:52:12,-07:00,2025-10-31T20:52:12-07:00,1,20
style.css,251,css,f8d03dd0,Albab Neawz,2025-10-31,20:52:12,-07:00,2025-10-31T20:52:12-07:00,1,20
style.css,252,css,f8d03dd0,Albab Neawz,2025-10-31,20:52:12,-07:00,2025-10-31T20:52:12-07:00,0,0
style.css,253,css,c2a1c8ab,Albab Neawz,2025-10-31,22:24:29,-07:00,2025-10-31T22:24:29-07:00,0,0
style.css,254,css,c2a1c8ab,Albab Neawz,2025-10-31,22:24:29,-07:00,2025-10-31T22:24:29-07:00,0,23
style.css,255,css,c2a1c8ab,Albab Neawz,2025-10-31,22:24:29,-07:00,2025-10-31T22:24:29-07:00,1,39
style.css,256,css,c2a1c8ab,Albab Neawz,2025-10-31,22:24:29,-07:00,2025-10-31T22:24:29-07:00,0,0
style.css,257,css,c2a1c8ab,Albab Neawz,2025-10-31,22:24:29,-07:00,2025-10-31T22:24:29-07:00,0,0
style.css,258,css,c2a1c8ab,Albab Neawz,2025-10-31,22:24:29,-07:00,2025-10-31T22:24:29-07:00,0,29
style.css,259,css,c2a1c8ab,Albab Neawz,2025-10-31,22:24:29,-07:00,2025-10-31T22:24:29-07:00,1,21
style.css,260,css,c2a1c8ab,Albab Neawz,2025-10-31,22:24:29,-07:00,2025-10-31T22:24:29-07:00,1,11
style.css,261,css,c2a1c8ab,Albab Neawz,2025-10-31,22:24:29,-07:00,2025-10-31T22:24:29-07:00,0,0
style.css,262,css,c2a1c8ab,Albab Neawz,2025-10-31,22:24:29,-07:00,2025-10-31T22:24:29-07:00,0,0
style.css,263,css,c2a1c8ab,Albab Neawz,2025-10-31,22:24:29,-07:00,2025-10-31T22:24:29-07:00,0,32
style.css,264,css,c2a1c8ab,Albab Neawz,2025-10-31,22:24:29,-07:00,2025-10-31T22:24:29-07:00,1,12
style.css,265,css,c2a1c8ab,Albab Neawz,2025-10-31,22:24:29,-07:00,2025-10-31T22:24:29-07:00,1,16
style.css,266,css,c2a1c8ab,Albab Neawz,2025-10-31,22:24:29,-07:00,2025-10-31T22:24:29-07:00,1,9
style.css,267,css,c2a1c8ab,Albab Neawz,2025-10-31,22:24:29,-07:00,2025-10-31T22:24:29-07:00,0,0
style.css,268,css,c2a1c8ab,Albab Neawz,2025-10-31,22:24:29,-07:00,2025-10-31T22:24:29-07:00,0,0
style.css,269,css,c2a1c8ab,Albab Neawz,2025-10-31,22:24:29,-07:00,2025-10-31T22:24:29-07:00,0,19
style.css,270,css,c2a1c8ab,Albab Neawz,2025-10-31,22:24:29,-07:00,2025-10-31T22:24:29-07:00,1,16
style.css,271,css,c2a1c8ab,Albab Neawz,2025-10-31,22:24:29,-07:00,2025-10-31T22:24:29-07:00,1,22
style.css,272,css,c2a1c8ab,Albab Neawz,2025-10-31,22:24:29,-07:00,2025-10-31T22:24:29-07:00,1,20
style.css,273,css,c2a1c8ab,Albab Neawz,2025-10-31,22:24:29,-07:00,2025-10-31T22:24:29-07:00,1,20
style.css,274,css,c2a1c8ab,Albab Neawz,2025-10-31,22:24:29,-07:00,2025-10-31T22:24:29-07:00,1,41
style.css,275,css,c2a1c8ab,Albab Neawz,2025-10-31,22:24:29,-07:00,2025-10-31T22:24:29-07:00,0,0
style.css,276,css,ba4500c3,Albab Neawz,2025-11-21,22:04:16,-08:00,2025-11-21T22:04:16-08:00,0,0
style.css,277,css,81484745,Albab Neawz,2025-11-22,23:18:48,-08:00,2025-11-22T23:18:48-08:00,0,0
style.css,278,css,81484745,Albab Neawz,2025-11-22,23:18:48,-08:00,2025-11-22T23:18:48-08:00,0,12
style.css,279,css,81484745,Albab Neawz,2025-11-22,23:18:48,-08:00,2025-11-22T23:18:48-08:00,1,12
style.css,280,css,81484745,Albab Neawz,2025-11-22,23:18:48,-08:00,2025-11-22T23:18:48-08:00,1,18
style.css,281,css,81484745,Albab Neawz,2025-11-22,23:18:48,-08:00,2025-11-22T23:18:48-08:00,1,7
style.css,282,css,81484745,Albab Neawz,2025-11-22,23:18:48,-08:00,2025-11-22T23:18:48-08:00,1,9
style.css,283,css,81484745,Albab Neawz,2025-11-22,23:18:48,-08:00,2025-11-22T23:18:48-08:00,1,16
style.css,284,css,81484745,Albab Neawz,2025-11-22,23:18:48,-08:00,2025-11-22T23:18:48-08:00,1,15
style.css,285,css,81484745,Albab Neawz,2025-11-22,23:18:48,-08:00,2025-11-22T23:18:48-08:00,0,0
style.css,286,css,81484745,Albab Neawz,2025-11-22,23:18:48,-08:00,2025-11-22T23:18:48-08:00,0,0
style.css,287,css,81484745,Albab Neawz,2025-11-22,23:18:48,-08:00,2025-11-22T23:18:48-08:00,0,12
style.css,288,css,81484745,Albab Neawz,2025-11-22,23:18:48,-08:00,2025-11-22T23:18:48-08:00,1,16
style.css,289,css,81484745,Albab Neawz,2025-11-22,23:18:48,-08:00,2025-11-22T23:18:48-08:00,1,22
style.css,290,css,81484745,Albab Neawz,2025-11-22,23:18:48,-08:00,2025-11-22T23:18:48-08:00,1,16
style.css,291,css,81484745,Albab Neawz,2025-11-22,23:18:48,-08:00,2025-11-22T23:18:48-08:00,0,0
style.css,292,css,81484745,Albab Neawz,2025-11-22,23:18:48,-08:00,2025-11-22T23:18:48-08:00,0,0
style.css,293,css,5681dc22,Albab Neawz,2025-11-22,23:46:32,-08:00,2025-11-22T23:46:32-08:00,0,0
style.css,294,css,5681dc22,Albab Neawz,2025-11-22,23:46:32,-08:00,2025-11-22T23:46:32-08:00,0,23
style.css,295,css,5681dc22,Albab Neawz,2025-11-22,23:46:32,-08:00,2025-11-22T23:46:32-08:00,0,12
style.css,296,css,5681dc22,Albab Neawz,2025-11-22,23:46:32,-08:00,2025-11-22T23:46:32-08:00,1,79
style.css,297,css,5681dc22,Albab Neawz,2025-11-22,23:46:32,-08:00,2025-11-22T23:46:32-08:00,0,0
style.css,298,css,5681dc22,Albab Neawz,2025-11-22,23:46:32,-08:00,2025-11-22T23:46:32-08:00,0,0
style.css,299,css,5681dc22,Albab Neawz,2025-11-22,23:46:32,-08:00,2025-11-22T23:46:32-08:00,0,34
style.css,300,css,5681dc22,Albab Neawz,2025-11-22,23:46:32,-08:00,2025-11-22T23:46:32-08:00,0,29
style.css,301,css,5681dc22,Albab Neawz,2025-11-22,23:46:32,-08:00,2025-11-22T23:46:32-08:00,1,49
style.css,302,css,5681dc22,Albab Neawz,2025-11-22,23:46:32,-08:00,2025-11-22T23:46:32-08:00,0,0
style.css,303,css,5681dc22,Albab Neawz,2025-11-22,23:46:32,-08:00,2025-11-22T23:46:32-08:00,0,0
style.css,304,css,5681dc22,Albab Neawz,2025-11-22,23:46:32,-08:00,2025-11-22T23:46:32-08:00,0,66
style.css,305,css,5681dc22,Albab Neawz,2025-11-22,23:46:32,-08:00,2025-11-22T23:46:32-08:00,0,12
style.css,306,css,5681dc22,Albab Neawz,2025-11-22,23:46:32,-08:00,2025-11-22T23:46:32-08:00,1,11
style.css,307,css,5681dc22,Albab Neawz,2025-11-22,23:46:32,-08:00,2025-11-22T23:46:32-08:00,1,51
style.css,308,css,5681dc22,Albab Neawz,2025-11-22,23:46:32,-08:00,2025-11-22T23:46:32-08:00,0,0
style.css,309,css,a5b8c979,Albab Neawz,2025-11-23,00:12:51,-08:00,2025-11-23T00:12:51-08:00,0,0
style.css,310,css,a5b8c979,Albab Neawz,2025-11-23,00:12:51,-08:00,2025-11-23T00:12:51-08:00,0,0
style.css,311,css,a5b8c979,Albab Neawz,2025-11-23,00:12:51,-08:00,2025-11-23T00:12:51-08:00,0,6
style.css,312,css,a5b8c979,Albab Neawz,2025-11-23,00:12:51,-08:00,2025-11-23T00:12:51-08:00,1,12
style.css,313,css,a5b8c979,Albab Neawz,2025-11-23,00:12:51,-08:00,2025-11-23T00:12:51-08:00,1,29
style.css,314,css,a5b8c979,Albab Neawz,2025-11-23,00:12:51,-08:00,2025-11-23T00:12:51-08:00,1,16
style.css,315,css,a5b8c979,Albab Neawz,2025-11-23,00:12:51,-08:00,2025-11-23T00:12:51-08:00,1,16
style.css,316,css,a5b8c979,Albab Neawz,2025-11-23,00:12:51,-08:00,2025-11-23T00:12:51-08:00,1,9
style.css,317,css,a5b8c979,Albab Neawz,2025-11-23,00:12:51,-08:00,2025-11-23T00:12:51-08:00,1,16
style.css,318,css,a5b8c979,Albab Neawz,2025-11-23,00:12:51,-08:00,2025-11-23T00:12:51-08:00,0,0
style.css,319,css,a5b8c979,Albab Neawz,2025-11-23,00:12:51,-08:00,2025-11-23T00:12:51-08:00,0,0
style.css,320,css,a5b8c979,Albab Neawz,2025-11-23,00:12:51,-08:00,2025-11-23T00:12:51-08:00,0,12
style.css,321,css,a5b8c979,Albab Neawz,2025-11-23,00:12:51,-08:00,2025-11-23T00:12:51-08:00,1,12
style.css,322,css,a5b8c979,Albab Neawz,2025-11-23,00:12:51,-08:00,2025-11-23T00:12:51-08:00,1,29
style.css,323,css,a5b8c979,Albab Neawz,2025-11-23,00:12:51,-08:00,2025-11-23T00:12:51-08:00,1,18
style.css,324,css,a5b8c979,Albab Neawz,2025-11-23,00:12:51,-08:00,2025-11-23T00:12:51-08:00,1,16
style.css,325,css,a5b8c979,Albab Neawz,2025-11-23,00:12:51,-08:00,2025-11-23T00:12:51-08:00,0,0
style.css,326,css,a5b8c979,Albab Neawz,2025-11-23,00:12:51,-08:00,2025-11-23T00:12:51-08:00,0,0
style.css,327,css,a5b8c979,Albab Neawz,2025-11-23,00:12:51,-08:00,2025-11-23T00:12:51-08:00,0,9
style.css,328,css,a5b8c979,Albab Neawz,2025-11-23,00:12:51,-08:00,2025-11-23T00:12:51-08:00,1,13
style.css,329,css,a5b8c979,Albab Neawz,2025-11-23,00:12:51,-08:00,2025-11-23T00:12:51-08:00,1,16
style.css,330,css,a5b8c979,Albab Neawz,2025-11-23,00:12:51,-08:00,2025-11-23T00:12:51-08:00,0,0
style.css,331,css,a5b8c979,Albab Neawz,2025-11-23,00:12:51,-08:00,2025-11-23T00:12:51-08:00,0,0
style.css,332,css,a5b8c979,Albab Neawz,2025-11-23,00:12:51,-08:00,2025-11-23T00:12:51-08:00,0,9
style.css,333,css,a5b8c979,Albab Neawz,2025-11-23,00:12:51,-08:00,2025-11-23T00:12:51-08:00,1,13
style.css,334,css,a5b8c979,Albab Neawz,2025-11-23,00:12:51,-08:00,2025-11-23T00:12:51-08:00,1,8
style.css,335,css,a5b8c979,Albab Neawz,2025-11-23,00:12:51,-08:00,2025-11-23T00:12:51-08:00,0,0
style.css,336,css,3626d447,Albab Neawz,2025-11-23,00:39:55,-08:00,2025-11-23T00:39:55-08:00,0,0
style.css,337,css,3626d447,Albab Neawz,2025-11-23,00:39:55,-08:00,2025-11-23T00:39:55-08:00,0,30
style.css,338,css,3626d447,Albab Neawz,2025-11-23,00:39:55,-08:00,2025-11-23T00:39:55-08:00,0,4
style.css,339,css,3626d447,Albab Neawz,2025-11-23,00:39:55,-08:00,2025-11-23T00:39:55-08:00,1,12
style.css,340,css,3626d447,Albab Neawz,2025-11-23,00:39:55,-08:00,2025-11-23T00:39:55-08:00,1,11
style.css,341,css,3626d447,Albab Neawz,2025-11-23,00:39:55,-08:00,2025-11-23T00:39:55-08:00,1,14
style.css,342,css,3626d447,Albab Neawz,2025-11-23,00:39:55,-08:00,2025-11-23T00:39:55-08:00,1,17
style.css,343,css,3626d447,Albab Neawz,2025-11-23,00:39:55,-08:00,2025-11-23T00:39:55-08:00,0,0
style.css,344,css,3626d447,Albab Neawz,2025-11-23,00:39:55,-08:00,2025-11-23T00:39:55-08:00,0,0
style.css,345,css,43de3c4f,Albab Neawz,2025-11-23,01:28:18,-08:00,2025-11-23T01:28:18-08:00,0,2
style.css,346,css,3626d447,Albab Neawz,2025-11-23,00:39:55,-08:00,2025-11-23T00:39:55-08:00,1,13
style.css,347,css,3626d447,Albab Neawz,2025-11-23,00:39:55,-08:00,2025-11-23T00:39:55-08:00,1,12
style.css,348,css,3626d447,Albab Neawz,2025-11-23,00:39:55,-08:00,2025-11-23T00:39:55-08:00,1,14
style.css,349,css,3626d447,Albab Neawz,2025-11-23,00:39:55,-08:00,2025-11-23T00:39:55-08:00,1,17
style.css,350,css,3626d447,Albab Neawz,2025-11-23,00:39:55,-08:00,2025-11-23T00:39:55-08:00,1,19
style.css,351,css,3626d447,Albab Neawz,2025-11-23,00:39:55,-08:00,2025-11-23T00:39:55-08:00,1,10
style.css,352,css,3626d447,Albab Neawz,2025-11-23,00:39:55,-08:00,2025-11-23T00:39:55-08:00,1,17
style.css,353,css,3626d447,Albab Neawz,2025-11-23,00:39:55,-08:00,2025-11-23T00:39:55-08:00,1,13
style.css,354,css,3626d447,Albab Neawz,2025-11-23,00:39:55,-08:00,2025-11-23T00:39:55-08:00,0,0
style.css,355,css,02647feb,Albab Neawz,2025-11-23,04:12:39,-08:00,2025-11-23T04:12:39-08:00,0,11
style.css,356,css,02647feb,Albab Neawz,2025-11-23,04:12:39,-08:00,2025-11-23T04:12:39-08:00,1,16
style.css,357,css,02647feb,Albab Neawz,2025-11-23,04:12:39,-08:00,2025-11-23T04:12:39-08:00,0,0
style.css,358,css,3626d447,Albab Neawz,2025-11-23,00:39:55,-08:00,2025-11-23T00:39:55-08:00,0,0
style.css,359,css,02647feb,Albab Neawz,2025-11-23,04:12:39,-08:00,2025-11-23T04:12:39-08:00,0,0
style.css,360,css,02647feb,Albab Neawz,2025-11-23,04:12:39,-08:00,2025-11-23T04:12:39-08:00,0,0
style.css,361,css,02647feb,Albab Neawz,2025-11-23,04:12:39,-08:00,2025-11-23T04:12:39-08:00,0,0
style.css,362,css,02647feb,Albab Neawz,2025-11-23,04:12:39,-08:00,2025-11-23T04:12:39-08:00,0,0
style.css,363,css,02647feb,Albab Neawz,2025-11-23,04:12:39,-08:00,2025-11-23T04:12:39-08:00,0,0
style.css,364,css,02647feb,Albab Neawz,2025-11-23,04:12:39,-08:00,2025-11-23T04:12:39-08:00,0,0
style.css,365,css,02647feb,Albab Neawz,2025-11-23,04:12:39,-08:00,2025-11-23T04:12:39-08:00,0,6
style.css,366,css,02647feb,Albab Neawz,2025-11-23,04:12:39,-08:00,2025-11-23T04:12:39-08:00,1,23
style.css,367,css,02647feb,Albab Neawz,2025-11-23,04:12:39,-08:00,2025-11-23T04:12:39-08:00,1,22
style.css,368,css,02647feb,Albab Neawz,2025-11-23,04:12:39,-08:00,2025-11-23T04:12:39-08:00,1,29
style.css,369,css,02647feb,Albab Neawz,2025-11-23,04:12:39,-08:00,2025-11-23T04:12:39-08:00,0,0
style.css,370,css,02647feb,Albab Neawz,2025-11-23,04:12:39,-08:00,2025-11-23T04:12:39-08:00,1,15
style.css,371,css,02647feb,Albab Neawz,2025-11-23,04:12:39,-08:00,2025-11-23T04:12:39-08:00,2,3
style.css,372,css,02647feb,Albab Neawz,2025-11-23,04:12:39,-08:00,2025-11-23T04:12:39-08:00,1,0
style.css,373,css,02647feb,Albab Neawz,2025-11-23,04:12:39,-08:00,2025-11-23T04:12:39-08:00,0,0
style.css,374,css,02647feb,Albab Neawz,2025-11-23,04:12:39,-08:00,2025-11-23T04:12:39-08:00,0,0
style.css,375,css,02647feb,Albab Neawz,2025-11-23,04:12:39,-08:00,2025-11-23T04:12:39-08:00,0,12
style.css,376,css,02647feb,Albab Neawz,2025-11-23,04:12:39,-08:00,2025-11-23T04:12:39-08:00,1,20
style.css,377,css,3626d447,Albab Neawz,2025-11-23,00:39:55,-08:00,2025-11-23T00:39:55-08:00,0,0
style.css,378,css,02647feb,Albab Neawz,2025-11-23,04:12:39,-08:00,2025-11-23T04:12:39-08:00,0,0
style.css,379,css,02647feb,Albab Neawz,2025-11-23,04:12:39,-08:00,2025-11-23T04:12:39-08:00,0,15
style.css,380,css,02647feb,Albab Neawz,2025-11-23,04:12:39,-08:00,2025-11-23T04:12:39-08:00,1,11
style.css,381,css,02647feb,Albab Neawz,2025-11-23,04:12:39,-08:00,2025-11-23T04:12:39-08:00,0,0
style.css,382,css,02647feb,Albab Neawz,2025-11-23,04:12:39,-08:00,2025-11-23T04:12:39-08:00,0,0
style.css,383,css,02647feb,Albab Neawz,2025-11-23,04:12:39,-08:00,2025-11-23T04:12:39-08:00,0,17
style.css,384,css,02647feb,Albab Neawz,2025-11-23,04:12:39,-08:00,2025-11-23T04:12:39-08:00,1,12
style.css,385,css,02647feb,Albab Neawz,2025-11-23,04:12:39,-08:00,2025-11-23T04:12:39-08:00,1,61
style.css,386,css,02647feb,Albab Neawz,2025-11-23,04:12:39,-08:00,2025-11-23T04:12:39-08:00,1,10
style.css,387,css,02647feb,Albab Neawz,2025-11-23,04:12:39,-08:00,2025-11-23T04:12:39-08:00,1,22
style.css,388,css,02647feb,Albab Neawz,2025-11-23,04:12:39,-08:00,2025-11-23T04:12:39-08:00,1,17
style.css,389,css,02647feb,Albab Neawz,2025-11-23,04:12:39,-08:00,2025-11-23T04:12:39-08:00,0,0
style.css,390,css,02647feb,Albab Neawz,2025-11-23,04:12:39,-08:00,2025-11-23T04:12:39-08:00,0,0
style.css,391,css,d4e81569,Albab Neawz,2025-11-23,01:41:30,-08:00,2025-11-23T01:41:30-08:00,0,10
style.css,392,css,d4e81569,Albab Neawz,2025-11-23,01:41:30,-08:00,2025-11-23T01:41:30-08:00,1,17
style.css,393,css,02647feb,Albab Neawz,2025-11-23,04:12:39,-08:00,2025-11-23T04:12:39-08:00,0,0
style.css,394,css,d4e81569,Albab Neawz,2025-11-23,01:41:30,-08:00,2025-11-23T01:41:30-08:00,0,0
style.css,395,css,02647feb,Albab Neawz,2025-11-23,04:12:39,-08:00,2025-11-23T04:12:39-08:00,0,20
style.css,396,css,02647feb,Albab Neawz,2025-11-23,04:12:39,-08:00,2025-11-23T04:12:39-08:00,1,15
style.css,397,css,02647feb,Albab Neawz,2025-11-23,04:12:39,-08:00,2025-11-23T04:12:39-08:00,1,22
style.css,398,css,02647feb,Albab Neawz,2025-11-23,04:12:39,-08:00,2025-11-23T04:12:39-08:00,1,72
style.css,399,css,d4e81569,Albab Neawz,2025-11-23,01:41:30,-08:00,2025-11-23T01:41:30-08:00,0,0
style.css,400,css,02647feb,Albab Neawz,2025-11-23,04:12:39,-08:00,2025-11-23T04:12:39-08:00,0,31
style.css,401,css,02647feb,Albab Neawz,2025-11-23,04:12:39,-08:00,2025-11-23T04:12:39-08:00,1,21
style.css,402,css,02647feb,Albab Neawz,2025-11-23,04:12:39,-08:00,2025-11-23T04:12:39-08:00,1,18
style.css,403,css,d4e81569,Albab Neawz,2025-11-23,01:41:30,-08:00,2025-11-23T01:41:30-08:00,0,0
style.css,404,css,02647feb,Albab Neawz,2025-11-23,04:12:39,-08:00,2025-11-23T04:12:39-08:00,0,0
style.css,405,css,d4e81569,Albab Neawz,2025-11-23,01:41:30,-08:00,2025-11-23T01:41:30-08:00,0,13
style.css,406,css,d4e81569,Albab Neawz,2025-11-23,01:41:30,-08:00,2025-11-23T01:41:30-08:00,1,15
style.css,407,css,02647feb,Albab Neawz,2025-11-23,04:12:39,-08:00,2025-11-23T04:12:39-08:00,1,29
style.css,408,css,d4e81569,Albab Neawz,2025-11-23,01:41:30,-08:00,2025-11-23T01:41:30-08:00,1,6
style.css,409,css,d4e81569,Albab Neawz,2025-11-23,01:41:30,-08:00,2025-11-23T01:41:30-08:00,1,11
style.css,410,css,02647feb,Albab Neawz,2025-11-23,04:12:39,-08:00,2025-11-23T04:12:39-08:00,1,12
style.css,411,css,02647feb,Albab Neawz,2025-11-23,04:12:39,-08:00,2025-11-23T04:12:39-08:00,1,21
style.css,412,css,02647feb,Albab Neawz,2025-11-23,04:12:39,-08:00,2025-11-23T04:12:39-08:00,1,11
style.css,413,css,02647feb,Albab Neawz,2025-11-23,04:12:39,-08:00,2025-11-23T04:12:39-08:00,1,19
style.css,414,css,02647feb,Albab Neawz,2025-11-23,04:12:39,-08:00,2025-11-23T04:12:39-08:00,0,0
style.css,415,css,02647feb,Albab Neawz,2025-11-23,04:12:39,-08:00,2025-11-23T04:12:39-08:00,0,0
style.css,416,css,02647feb,Albab Neawz,2025-11-23,04:12:39,-08:00,2025-11-23T04:12:39-08:00,0,20
style.css,417,css,02647feb,Albab Neawz,2025-11-23,04:12:39,-08:00,2025-11-23T04:12:39-08:00,1,6
style.css,418,css,02647feb,Albab Neawz,2025-11-23,04:12:39,-08:00,2025-11-23T04:12:39-08:00,1,12
style.css,419,css,02647feb,Albab Neawz,2025-11-23,04:12:39,-08:00,2025-11-23T04:12:39-08:00,0,0
style.css,420,css,02647feb,Albab Neawz,2025-11-23,04:12:39,-08:00,2025-11-23T04:12:39-08:00,0,0
style.css,421,css,02647feb,Albab Neawz,2025-11-23,04:12:39,-08:00,2025-11-23T04:12:39-08:00,0,16
style.css,422,css,02647feb,Albab Neawz,2025-11-23,04:12:39,-08:00,2025-11-23T04:12:39-08:00,1,23
style.css,423,css,02647feb,Albab Neawz,2025-11-23,04:12:39,-08:00,2025-11-23T04:12:39-08:00,0,0
style.css,424,css,02647feb,Albab Neawz,2025-11-23,04:12:39,-08:00,2025-11-23T04:12:39-08:00,0,0
style.css,425,css,02647feb,Albab Neawz,2025-11-23,04:12:39,-08:00,2025-11-23T04:12:39-08:00,0,19
style.css,426,css,02647feb,Albab Neawz,2025-11-23,04:12:39,-08:00,2025-11-23T04:12:39-08:00,1,18
style.css,427,css,02647feb,Albab Neawz,2025-11-23,04:12:39,-08:00,2025-11-23T04:12:39-08:00,0,0
style.css,428,css,02647feb,Albab Neawz,2025-11-23,04:12:39,-08:00,2025-11-23T04:12:39-08:00,0,0
style.css,429,css,02647feb,Albab Neawz,2025-11-23,04:12:39,-08:00,2025-11-23T04:12:39-08:00,0,12
style.css,430,css,02647feb,Albab Neawz,2025-11-23,04:12:39,-08:00,2025-11-23T04:12:39-08:00,1,12
style.css,431,css,02647feb,Albab Neawz,2025-11-23,04:12:39,-08:00,2025-11-23T04:12:39-08:00,1,61
style.css,432,css,02647feb,Albab Neawz,2025-11-23,04:12:39,-08:00,2025-11-23T04:12:39-08:00,1,10
style.css,433,css,02647feb,Albab Neawz,2025-11-23,04:12:39,-08:00,2025-11-23T04:12:39-08:00,1,22
style.css,434,css,02647feb,Albab Neawz,2025-11-23,04:12:39,-08:00,2025-11-23T04:12:39-08:00,1,17
style.css,435,css,02647feb,Albab Neawz,2025-11-23,04:12:39,-08:00,2025-11-23T04:12:39-08:00,0,0
style.css,436,css,02647feb,Albab Neawz,2025-11-23,04:12:39,-08:00,2025-11-23T04:12:39-08:00,0,30
style.css,437,css,02647feb,Albab Neawz,2025-11-23,04:12:39,-08:00,2025-11-23T04:12:39-08:00,1,15
style.css,438,css,02647feb,Albab Neawz,2025-11-23,04:12:39,-08:00,2025-11-23T04:12:39-08:00,1,29
style.css,439,css,02647feb,Albab Neawz,2025-11-23,04:12:39,-08:00,2025-11-23T04:12:39-08:00,1,16
style.css,440,css,02647feb,Albab Neawz,2025-11-23,04:12:39,-08:00,2025-11-23T04:12:39-08:00,1,44
style.css,441,css,02647feb,Albab Neawz,2025-11-23,04:12:39,-08:00,2025-11-23T04:12:39-08:00,1,15
style.css,442,css,02647feb,Albab Neawz,2025-11-23,04:12:39,-08:00,2025-11-23T04:12:39-08:00,0,0
style.css,443,css,02647feb,Albab Neawz,2025-11-23,04:12:39,-08:00,2025-11-23T04:12:39-08:00,0,0
style.css,444,css,02647feb,Albab Neawz,2025-11-23,04:12:39,-08:00,2025-11-23T04:12:39-08:00,0,0
style.css,445,css,02647feb,Albab Neawz,2025-11-23,04:12:39,-08:00,2025-11-23T04:12:39-08:00,0,10
style.css,446,css,02647feb,Albab Neawz,2025-11-23,04:12:39,-08:00,2025-11-23T04:12:39-08:00,1,17
style.css,447,css,02647feb,Albab Neawz,2025-11-23,04:12:39,-08:00,2025-11-23T04:12:39-08:00,0,0
style.css,448,css,02647feb,Albab Neawz,2025-11-23,04:12:39,-08:00,2025-11-23T04:12:39-08:00,0,16
style.css,449,css,02647feb,Albab Neawz,2025-11-23,04:12:39,-08:00,2025-11-23T04:12:39-08:00,1,15
style.css,450,css,02647feb,Albab Neawz,2025-11-23,04:12:39,-08:00,2025-11-23T04:12:39-08:00,1,22
style.css,451,css,02647feb,Albab Neawz,2025-11-23,04:12:39,-08:00,2025-11-23T04:12:39-08:00,1,72
style.css,452,css,02647feb,Albab Neawz,2025-11-23,04:12:39,-08:00,2025-11-23T04:12:39-08:00,0,0
style.css,453,css,02647feb,Albab Neawz,2025-11-23,04:12:39,-08:00,2025-11-23T04:12:39-08:00,0,18
style.css,454,css,02647feb,Albab Neawz,2025-11-23,04:12:39,-08:00,2025-11-23T04:12:39-08:00,1,16
style.css,455,css,02647feb,Albab Neawz,2025-11-23,04:12:39,-08:00,2025-11-23T04:12:39-08:00,0,0
style.css,456,css,02647feb,Albab Neawz,2025-11-23,04:12:39,-08:00,2025-11-23T04:12:39-08:00,0,0
style.css,457,css,02647feb,Albab Neawz,2025-11-23,04:12:39,-08:00,2025-11-23T04:12:39-08:00,0,21
style.css,458,css,02647feb,Albab Neawz,2025-11-23,04:12:39,-08:00,2025-11-23T04:12:39-08:00,0,18
style.css,459,css,02647feb,Albab Neawz,2025-11-23,04:12:39,-08:00,2025-11-23T04:12:39-08:00,1,18
style.css,460,css,d4e81569,Albab Neawz,2025-11-23,01:41:30,-08:00,2025-11-23T01:41:30-08:00,0,0
style.css,461,css,02647feb,Albab Neawz,2025-11-23,04:12:39,-08:00,2025-11-23T04:12:39-08:00,0,27
style.css,462,css,02647feb,Albab Neawz,2025-11-23,04:12:39,-08:00,2025-11-23T04:12:39-08:00,0,24
style.css,463,css,02647feb,Albab Neawz,2025-11-23,04:12:39,-08:00,2025-11-23T04:12:39-08:00,1,18
style.css,464,css,5aec2f76,Albab Neawz,2025-11-23,04:26:40,-08:00,2025-11-23T04:26:40-08:00,0,0
style.css,465,css,5aec2f76,Albab Neawz,2025-11-23,04:26:40,-08:00,2025-11-23T04:26:40-08:00,0,0
style.css,466,css,5aec2f76,Albab Neawz,2025-11-23,04:26:40,-08:00,2025-11-23T04:26:40-08:00,0,0
style.css,467,css,5aec2f76,Albab Neawz,2025-11-23,04:26:40,-08:00,2025-11-23T04:26:40-08:00,0,37
style.css,468,css,5aec2f76,Albab Neawz,2025-11-23,04:26:40,-08:00,2025-11-23T04:26:40-08:00,0,0
style.css,469,css,5aec2f76,Albab Neawz,2025-11-23,04:26:40,-08:00,2025-11-23T04:26:40-08:00,0,10
style.css,470,css,5aec2f76,Albab Neawz,2025-11-23,04:26:40,-08:00,2025-11-23T04:26:40-08:00,1,17
style.css,471,css,5aec2f76,Albab Neawz,2025-11-23,04:26:40,-08:00,2025-11-23T04:26:40-08:00,1,12
style.css,472,css,5aec2f76,Albab Neawz,2025-11-23,04:26:40,-08:00,2025-11-23T04:26:40-08:00,1,22
style.css,473,css,5aec2f76,Albab Neawz,2025-11-23,04:26:40,-08:00,2025-11-23T04:26:40-08:00,1,10
style.css,474,css,5aec2f76,Albab Neawz,2025-11-23,04:26:40,-08:00,2025-11-23T04:26:40-08:00,1,15
style.css,475,css,5aec2f76,Albab Neawz,2025-11-23,04:26:40,-08:00,2025-11-23T04:26:40-08:00,0,0
style.css,476,css,5aec2f76,Albab Neawz,2025-11-23,04:26:40,-08:00,2025-11-23T04:26:40-08:00,0,0
style.css,477,css,5aec2f76,Albab Neawz,2025-11-23,04:26:40,-08:00,2025-11-23T04:26:40-08:00,0,16
style.css,478,css,5aec2f76,Albab Neawz,2025-11-23,04:26:40,-08:00,2025-11-23T04:26:40-08:00,0,14
style.css,479,css,5aec2f76,Albab Neawz,2025-11-23,04:26:40,-08:00,2025-11-23T04:26:40-08:00,1,6
style.css,480,css,5aec2f76,Albab Neawz,2025-11-23,04:26:40,-08:00,2025-11-23T04:26:40-08:00,0,0
style.css,481,css,5aec2f76,Albab Neawz,2025-11-23,04:26:40,-08:00,2025-11-23T04:26:40-08:00,0,0
style.css,482,css,5aec2f76,Albab Neawz,2025-11-23,04:26:40,-08:00,2025-11-23T04:26:40-08:00,0,16
style.css,483,css,5aec2f76,Albab Neawz,2025-11-23,04:26:40,-08:00,2025-11-23T04:26:40-08:00,0,13
style.css,484,css,5aec2f76,Albab Neawz,2025-11-23,04:26:40,-08:00,2025-11-23T04:26:40-08:00,1,6
style.css,485,css,5aec2f76,Albab Neawz,2025-11-23,04:26:40,-08:00,2025-11-23T04:26:40-08:00,1,15
style.css,486,css,5aec2f76,Albab Neawz,2025-11-23,04:26:40,-08:00,2025-11-23T04:26:40-08:00,1,59
style.css,487,css,5aec2f76,Albab Neawz,2025-11-23,04:26:40,-08:00,2025-11-23T04:26:40-08:00,1,54
style.css,488,css,5aec2f76,Albab Neawz,2025-11-23,04:26:40,-08:00,2025-11-23T04:26:40-08:00,0,0
style.css,489,css,5aec2f76,Albab Neawz,2025-11-23,04:26:40,-08:00,2025-11-23T04:26:40-08:00,0,0
style.css,490,css,5aec2f76,Albab Neawz,2025-11-23,04:26:40,-08:00,2025-11-23T04:26:40-08:00,0,17
style.css,491,css,5aec2f76,Albab Neawz,2025-11-23,04:26:40,-08:00,2025-11-23T04:26:40-08:00,1,10
style.css,492,css,5aec2f76,Albab Neawz,2025-11-23,04:26:40,-08:00,2025-11-23T04:26:40-08:00,1,11
style.css,493,css,5aec2f76,Albab Neawz,2025-11-23,04:26:40,-08:00,2025-11-23T04:26:40-08:00,0,0
style.css,494,css,5aec2f76,Albab Neawz,2025-11-23,04:26:40,-08:00,2025-11-23T04:26:40-08:00,0,0
style.css,495,css,5aec2f76,Albab Neawz,2025-11-23,04:26:40,-08:00,2025-11-23T04:26:40-08:00,0,0
style.css,496,css,5aec2f76,Albab Neawz,2025-11-23,04:26:40,-08:00,2025-11-23T04:26:40-08:00,0,10
style.css,497,css,5aec2f76,Albab Neawz,2025-11-23,04:26:40,-08:00,2025-11-23T04:26:40-08:00,1,17
style.css,498,css,5aec2f76,Albab Neawz,2025-11-23,04:26:40,-08:00,2025-11-23T04:26:40-08:00,1,12
style.css,499,css,5aec2f76,Albab Neawz,2025-11-23,04:26:40,-08:00,2025-11-23T04:26:40-08:00,1,8
style.css,500,css,5aec2f76,Albab Neawz,2025-11-23,04:26:40,-08:00,2025-11-23T04:26:40-08:00,1,22
style.css,501,css,5aec2f76,Albab Neawz,2025-11-23,04:26:40,-08:00,2025-11-23T04:26:40-08:00,0,0
style.css,502,css,5aec2f76,Albab Neawz,2025-11-23,04:26:40,-08:00,2025-11-23T04:26:40-08:00,0,0
style.css,503,css,5aec2f76,Albab Neawz,2025-11-23,04:26:40,-08:00,2025-11-23T04:26:40-08:00,0,14
style.css,504,css,5aec2f76,Albab Neawz,2025-11-23,04:26:40,-08:00,2025-11-23T04:26:40-08:00,1,6
style.css,505,css,5aec2f76,Albab Neawz,2025-11-23,04:26:40,-08:00,2025-11-23T04:26:40-08:00,0,0
style.css,506,css,5aec2f76,Albab Neawz,2025-11-23,04:26:40,-08:00,2025-11-23T04:26:40-08:00,0,0
style.css,507,css,5aec2f76,Albab Neawz,2025-11-23,04:26:40,-08:00,2025-11-23T04:26:40-08:00,0,13
style.css,508,css,5aec2f76,Albab Neawz,2025-11-23,04:26:40,-08:00,2025-11-23T04:26:40-08:00,1,6
style.css,509,css,5aec2f76,Albab Neawz,2025-11-23,04:26:40,-08:00,2025-11-23T04:26:40-08:00,1,15
style.css,510,css,5aec2f76,Albab Neawz,2025-11-23,04:26:40,-08:00,2025-11-23T04:26:40-08:00,1,34
style.css,511,css,5aec2f76,Albab Neawz,2025-11-23,04:26:40,-08:00,2025-11-23T04:26:40-08:00,1,11
style.css,512,css,5aec2f76,Albab Neawz,2025-11-23,04:26:40,-08:00,2025-11-23T04:26:40-08:00,0,0
style.css,513,css,5aec2f76,Albab Neawz,2025-11-23,04:26:40,-08:00,2025-11-23T04:26:40-08:00,0,0
style.css,514,css,5aec2f76,Albab Neawz,2025-11-23,04:26:40,-08:00,2025-11-23T04:26:40-08:00,0,17
style.css,515,css,5aec2f76,Albab Neawz,2025-11-23,04:26:40,-08:00,2025-11-23T04:26:40-08:00,1,10
style.css,516,css,5aec2f76,Albab Neawz,2025-11-23,04:26:40,-08:00,2025-11-23T04:26:40-08:00,1,11
style.css,517,css,5aec2f76,Albab Neawz,2025-11-23,04:26:40,-08:00,2025-11-23T04:26:40-08:00,0,0
index.js,1,js,dcc856c7,Albab Neawz,2025-10-24,19:38:17,-07:00,2025-10-24T19:38:17-07:00,0,71
index.js,2,js,dcc856c7,Albab Neawz,2025-10-24,19:38:17,-07:00,2025-10-24T19:38:17-07:00,0,0
index.js,3,js,dcc856c7,Albab Neawz,2025-10-24,19:38:17,-07:00,2025-10-24T19:38:17-07:00,0,54
index.js,4,js,dcc856c7,Albab Neawz,2025-10-24,19:38:17,-07:00,2025-10-24T19:38:17-07:00,0,42
index.js,5,js,dcc856c7,Albab Neawz,2025-10-24,19:38:17,-07:00,2025-10-24T19:38:17-07:00,0,60
index.js,6,js,dcc856c7,Albab Neawz,2025-10-24,19:38:17,-07:00,2025-10-24T19:38:17-07:00,0,54
index.js,7,js,dcc856c7,Albab Neawz,2025-10-24,19:38:17,-07:00,2025-10-24T19:38:17-07:00,0,0
index.js,8,js,dcc856c7,Albab Neawz,2025-10-24,19:38:17,-07:00,2025-10-24T19:38:17-07:00,0,0
index.js,9,js,dcc856c7,Albab Neawz,2025-10-24,19:38:17,-07:00,2025-10-24T19:38:17-07:00,0,0
index.js,10,js,dcc856c7,Albab Neawz,2025-10-24,19:38:17,-07:00,2025-10-24T19:38:17-07:00,0,53
index.js,11,js,dcc856c7,Albab Neawz,2025-10-24,19:38:17,-07:00,2025-10-24T19:38:17-07:00,0,60
index.js,12,js,dcc856c7,Albab Neawz,2025-10-24,19:38:17,-07:00,2025-10-24T19:38:17-07:00,0,0
index.js,13,js,dcc856c7,Albab Neawz,2025-10-24,19:38:17,-07:00,2025-10-24T19:38:17-07:00,0,17
index.js,14,js,dcc856c7,Albab Neawz,2025-10-24,19:38:17,-07:00,2025-10-24T19:38:17-07:00,1,24
index.js,15,js,dcc856c7,Albab Neawz,2025-10-24,19:38:17,-07:00,2025-10-24T19:38:17-07:00,2,2
index.js,16,js,dcc856c7,Albab Neawz,2025-10-24,19:38:17,-07:00,2025-10-24T19:38:17-07:00,3,55
index.js,17,js,50a2b821,Albab Neawz,2025-10-24,19:43:42,-07:00,2025-10-24T19:43:42-07:00,3,55
index.js,18,js,dcc856c7,Albab Neawz,2025-10-24,19:38:17,-07:00,2025-10-24T19:38:17-07:00,3,49
index.js,19,js,dcc856c7,Albab Neawz,2025-10-24,19:38:17,-07:00,2025-10-24T19:38:17-07:00,3,49
index.js,20,js,dcc856c7,Albab Neawz,2025-10-24,19:38:17,-07:00,2025-10-24T19:38:17-07:00,2,3
index.js,21,js,dcc856c7,Albab Neawz,2025-10-24,19:38:17,-07:00,2025-10-24T19:38:17-07:00,1,0
index.js,22,js,dcc856c7,Albab Neawz,2025-10-24,19:38:17,-07:00,2025-10-24T19:38:17-07:00,0,0
index.js,23,js,dcc856c7,Albab Neawz,2025-10-24,19:38:17,-07:00,2025-10-24T19:38:17-07:00,0,0
index.html,1,html,d323db6c,Albab Neawz,2025-10-03,21:38:40,-07:00,2025-10-03T21:38:40-07:00,0,13
index.html,2,html,d323db6c,Albab Neawz,2025-10-03,21:38:40,-07:00,2025-10-03T21:38:40-07:00,0,14
index.html,3,html,dcc856c7,Albab Neawz,2025-10-24,19:38:17,-07:00,2025-10-24T19:38:17-07:00,1,4
index.html,4,html,dcc856c7,Albab Neawz,2025-10-24,19:38:17,-07:00,2025-10-24T19:38:17-07:00,2,22
index.html,5,html,dcc856c7,Albab Neawz,2025-10-24,19:38:17,-07:00,2025-10-24T19:38:17-07:00,2,70
index.html,6,html,dcc856c7,Albab Neawz,2025-10-24,19:38:17,-07:00,2025-10-24T19:38:17-07:00,2,47
index.html,7,html,dcc856c7,Albab Neawz,2025-10-24,19:38:17,-07:00,2025-10-24T19:38:17-07:00,2,40
index.html,8,html,dcc856c7,Albab Neawz,2025-10-24,19:38:17,-07:00,2025-10-24T19:38:17-07:00,0,0
index.html,9,html,dcc856c7,Albab Neawz,2025-10-24,19:38:17,-07:00,2025-10-24T19:38:17-07:00,2,6
index.html,10,html,dcc856c7,Albab Neawz,2025-10-24,19:38:17,-07:00,2025-10-24T19:38:17-07:00,3,63
index.html,11,html,dcc856c7,Albab Neawz,2025-10-24,19:38:17,-07:00,2025-10-24T19:38:17-07:00,3,52
index.html,12,html,dcc856c7,Albab Neawz,2025-10-24,19:38:17,-07:00,2025-10-24T19:38:17-07:00,4,69
index.html,13,html,dcc856c7,Albab Neawz,2025-10-24,19:38:17,-07:00,2025-10-24T19:38:17-07:00,3,6
index.html,14,html,dcc856c7,Albab Neawz,2025-10-24,19:38:17,-07:00,2025-10-24T19:38:17-07:00,4,60
index.html,15,html,dcc856c7,Albab Neawz,2025-10-24,19:38:17,-07:00,2025-10-24T19:38:17-07:00,3,0
index.html,16,html,dcc856c7,Albab Neawz,2025-10-24,19:38:17,-07:00,2025-10-24T19:38:17-07:00,2,7
index.html,17,html,dcc856c7,Albab Neawz,2025-10-24,19:38:17,-07:00,2025-10-24T19:38:17-07:00,1,5
index.html,18,html,dcc856c7,Albab Neawz,2025-10-24,19:38:17,-07:00,2025-10-24T19:38:17-07:00,0,0
index.html,19,html,dcc856c7,Albab Neawz,2025-10-24,19:38:17,-07:00,2025-10-24T19:38:17-07:00,1,4
index.html,20,html,dcc856c7,Albab Neawz,2025-10-24,19:38:17,-07:00,2025-10-24T19:38:17-07:00,2,3
index.html,21,html,dcc856c7,Albab Neawz,2025-10-24,19:38:17,-07:00,2025-10-24T19:38:17-07:00,3,43
index.html,22,html,dcc856c7,Albab Neawz,2025-10-24,19:38:17,-07:00,2025-10-24T19:38:17-07:00,3,40
index.html,23,html,dcc856c7,Albab Neawz,2025-10-24,19:38:17,-07:00,2025-10-24T19:38:17-07:00,3,38
index.html,24,html,dcc856c7,Albab Neawz,2025-10-24,19:38:17,-07:00,2025-10-24T19:38:17-07:00,3,36
index.html,25,html,ce309d7b,Albab Neawz,2025-11-09,21:18:32,-08:00,2025-11-09T21:18:32-08:00,3,32
index.html,26,html,dcc856c7,Albab Neawz,2025-10-24,19:38:17,-07:00,2025-10-24T19:38:17-07:00,3,64
index.html,27,html,dcc856c7,Albab Neawz,2025-10-24,19:38:17,-07:00,2025-10-24T19:38:17-07:00,2,4
index.html,28,html,dcc856c7,Albab Neawz,2025-10-24,19:38:17,-07:00,2025-10-24T19:38:17-07:00,0,0
index.html,29,html,dcc856c7,Albab Neawz,2025-10-24,19:38:17,-07:00,2025-10-24T19:38:17-07:00,2,18
index.html,30,html,dcc856c7,Albab Neawz,2025-10-24,19:38:17,-07:00,2025-10-24T19:38:17-07:00,0,0
index.html,31,html,dcc856c7,Albab Neawz,2025-10-24,19:38:17,-07:00,2025-10-24T19:38:17-07:00,2,1
index.html,32,html,dcc856c7,Albab Neawz,2025-10-24,19:38:17,-07:00,2025-10-24T19:38:17-07:00,3,68
index.html,33,html,dcc856c7,Albab Neawz,2025-10-24,19:38:17,-07:00,2025-10-24T19:38:17-07:00,3,63
index.html,34,html,dcc856c7,Albab Neawz,2025-10-24,19:38:17,-07:00,2025-10-24T19:38:17-07:00,3,112
index.html,35,html,dcc856c7,Albab Neawz,2025-10-24,19:38:17,-07:00,2025-10-24T19:38:17-07:00,2,2
index.html,36,html,dcc856c7,Albab Neawz,2025-10-24,19:38:17,-07:00,2025-10-24T19:38:17-07:00,0,0
index.html,37,html,dcc856c7,Albab Neawz,2025-10-24,19:38:17,-07:00,2025-10-24T19:38:17-07:00,2,2
index.html,38,html,dcc856c7,Albab Neawz,2025-10-24,19:38:17,-07:00,2025-10-24T19:38:17-07:00,3,21
index.html,39,html,dcc856c7,Albab Neawz,2025-10-24,19:38:17,-07:00,2025-10-24T19:38:17-07:00,3,35
index.html,40,html,dcc856c7,Albab Neawz,2025-10-24,19:38:17,-07:00,2025-10-24T19:38:17-07:00,3,39
index.html,41,html,dcc856c7,Albab Neawz,2025-10-24,19:38:17,-07:00,2025-10-24T19:38:17-07:00,2,0
index.html,42,html,dcc856c7,Albab Neawz,2025-10-24,19:38:17,-07:00,2025-10-24T19:38:17-07:00,0,0
index.html,43,html,dcc856c7,Albab Neawz,2025-10-24,19:38:17,-07:00,2025-10-24T19:38:17-07:00,2,22
index.html,44,html,dcc856c7,Albab Neawz,2025-10-24,19:38:17,-07:00,2025-10-24T19:38:17-07:00,2,26
index.html,45,html,dcc856c7,Albab Neawz,2025-10-24,19:38:17,-07:00,2025-10-24T19:38:17-07:00,0,0
index.html,46,html,dcc856c7,Albab Neawz,2025-10-24,19:38:17,-07:00,2025-10-24T19:38:17-07:00,2,27
index.html,47,html,dcc856c7,Albab Neawz,2025-10-24,19:38:17,-07:00,2025-10-24T19:38:17-07:00,2,28
index.html,48,html,dcc856c7,Albab Neawz,2025-10-24,19:38:17,-07:00,2025-10-24T19:38:17-07:00,0,0
index.html,49,html,dcc856c7,Albab Neawz,2025-10-24,19:38:17,-07:00,2025-10-24T19:38:17-07:00,2,45
index.html,50,html,dcc856c7,Albab Neawz,2025-10-24,19:38:17,-07:00,2025-10-24T19:38:17-07:00,2,50
index.html,51,html,dcc856c7,Albab Neawz,2025-10-24,19:38:17,-07:00,2025-10-24T19:38:17-07:00,1,5
index.html,52,html,d5f789f1,Albab Neawz,2025-10-10,21:45:10,-07:00,2025-10-10T21:45:10-07:00,0,5
global.js,1,js,2fcfeac7,Albab Neawz,2025-10-17,20:11:22,-07:00,2025-10-17T20:11:22-07:00,0,25
global.js,2,js,c1f6e706,Albab Neawz,2025-10-17,19:26:44,-07:00,2025-10-17T19:26:44-07:00,0,0
global.js,3,js,c1f6e706,Albab Neawz,2025-10-17,19:26:44,-07:00,2025-10-17T19:26:44-07:00,0,41
global.js,4,js,c1f6e706,Albab Neawz,2025-10-17,19:26:44,-07:00,2025-10-17T19:26:44-07:00,1,52
global.js,5,js,c1f6e706,Albab Neawz,2025-10-17,19:26:44,-07:00,2025-10-17T19:26:44-07:00,0,0
global.js,6,js,938b1e29,Albab Neawz,2025-10-17,19:44:55,-07:00,2025-10-17T19:44:55-07:00,0,0
global.js,7,js,2fcfeac7,Albab Neawz,2025-10-17,20:11:22,-07:00,2025-10-17T20:11:22-07:00,0,13
global.js,8,js,38b91e98,Albab Neawz,2025-11-09,21:55:21,-08:00,2025-11-09T21:55:21-08:00,1,35
global.js,9,js,38b91e98,Albab Neawz,2025-11-09,21:55:21,-08:00,2025-11-09T21:55:21-08:00,1,48
global.js,10,js,38b91e98,Albab Neawz,2025-11-09,21:55:21,-08:00,2025-11-09T21:55:21-08:00,1,46
global.js,11,js,38b91e98,Albab Neawz,2025-11-09,21:55:21,-08:00,2025-11-09T21:55:21-08:00,1,44
global.js,12,js,38b91e98,Albab Neawz,2025-11-09,21:55:21,-08:00,2025-11-09T21:55:21-08:00,1,40
global.js,13,js,2fcfeac7,Albab Neawz,2025-10-17,20:11:22,-07:00,2025-10-17T20:11:22-07:00,1,56
global.js,14,js,2fcfeac7,Albab Neawz,2025-10-17,20:11:22,-07:00,2025-10-17T20:11:22-07:00,0,0
global.js,15,js,938b1e29,Albab Neawz,2025-10-17,19:44:55,-07:00,2025-10-17T19:44:55-07:00,0,0
global.js,16,js,38b91e98,Albab Neawz,2025-11-09,21:55:21,-08:00,2025-11-09T21:55:21-08:00,0,0
global.js,17,js,d33dad5e,Albab Neawz,2025-10-17,20:28:59,-07:00,2025-10-17T20:28:59-07:00,0,37
global.js,18,js,d33dad5e,Albab Neawz,2025-10-17,20:28:59,-07:00,2025-10-17T20:28:59-07:00,0,0
global.js,19,js,d33dad5e,Albab Neawz,2025-10-17,20:28:59,-07:00,2025-10-17T20:28:59-07:00,0,40
global.js,20,js,d33dad5e,Albab Neawz,2025-10-17,20:28:59,-07:00,2025-10-17T20:28:59-07:00,0,25
global.js,21,js,d33dad5e,Albab Neawz,2025-10-17,20:28:59,-07:00,2025-10-17T20:28:59-07:00,0,0
global.js,22,js,2fcfeac7,Albab Neawz,2025-10-17,20:11:22,-07:00,2025-10-17T20:11:22-07:00,0,15
global.js,23,js,2fcfeac7,Albab Neawz,2025-10-17,20:11:22,-07:00,2025-10-17T20:11:22-07:00,1,68
global.js,24,js,2fcfeac7,Albab Neawz,2025-10-17,20:11:22,-07:00,2025-10-17T20:11:22-07:00,2,3
global.js,25,js,2fcfeac7,Albab Neawz,2025-10-17,20:11:22,-07:00,2025-10-17T20:11:22-07:00,2,28
global.js,26,js,2fcfeac7,Albab Neawz,2025-10-17,20:11:22,-07:00,2025-10-17T20:11:22-07:00,0,0
global.js,27,js,2fcfeac7,Albab Neawz,2025-10-17,20:11:22,-07:00,2025-10-17T20:11:22-07:00,0,20
global.js,28,js,2fcfeac7,Albab Neawz,2025-10-17,20:11:22,-07:00,2025-10-17T20:11:22-07:00,1,14
global.js,29,js,2fcfeac7,Albab Neawz,2025-10-17,20:11:22,-07:00,2025-10-17T20:11:22-07:00,1,18
global.js,30,js,2fcfeac7,Albab Neawz,2025-10-17,20:11:22,-07:00,2025-10-17T20:11:22-07:00,0,0
global.js,31,js,2fcfeac7,Albab Neawz,2025-10-17,20:11:22,-07:00,2025-10-17T20:11:22-07:00,1,28
global.js,32,js,2fcfeac7,Albab Neawz,2025-10-17,20:11:22,-07:00,2025-10-17T20:11:22-07:00,2,20
global.js,33,js,2fcfeac7,Albab Neawz,2025-10-17,20:11:22,-07:00,2025-10-17T20:11:22-07:00,1,0
global.js,34,js,2fcfeac7,Albab Neawz,2025-10-17,20:11:22,-07:00,2025-10-17T20:11:22-07:00,0,0
global.js,35,js,2fcfeac7,Albab Neawz,2025-10-17,20:11:22,-07:00,2025-10-17T20:11:22-07:00,1,34
global.js,36,js,2fcfeac7,Albab Neawz,2025-10-17,20:11:22,-07:00,2025-10-17T20:11:22-07:00,1,11
global.js,37,js,2fcfeac7,Albab Neawz,2025-10-17,20:11:22,-07:00,2025-10-17T20:11:22-07:00,1,20
global.js,38,js,2fcfeac7,Albab Neawz,2025-10-17,20:11:22,-07:00,2025-10-17T20:11:22-07:00,0,0
global.js,39,js,71b1acb6,Albab Neawz,2025-10-17,20:43:28,-07:00,2025-10-17T20:43:28-07:00,1,65
global.js,40,js,d33dad5e,Albab Neawz,2025-10-17,20:28:59,-07:00,2025-10-17T20:28:59-07:00,2,25
global.js,41,js,d33dad5e,Albab Neawz,2025-10-17,20:28:59,-07:00,2025-10-17T20:28:59-07:00,1,0
global.js,42,js,2fcfeac7,Albab Neawz,2025-10-17,20:11:22,-07:00,2025-10-17T20:11:22-07:00,0,0
global.js,43,js,2fcfeac7,Albab Neawz,2025-10-17,20:11:22,-07:00,2025-10-17T20:11:22-07:00,1,29
global.js,44,js,2fcfeac7,Albab Neawz,2025-10-17,20:11:22,-07:00,2025-10-17T20:11:22-07:00,2,18
global.js,45,js,2fcfeac7,Albab Neawz,2025-10-17,20:11:22,-07:00,2025-10-17T20:11:22-07:00,1,0
global.js,46,js,2fcfeac7,Albab Neawz,2025-10-17,20:11:22,-07:00,2025-10-17T20:11:22-07:00,0,0
global.js,47,js,2fcfeac7,Albab Neawz,2025-10-17,20:11:22,-07:00,2025-10-17T20:11:22-07:00,1,12
global.js,48,js,2fcfeac7,Albab Neawz,2025-10-17,20:11:22,-07:00,2025-10-17T20:11:22-07:00,0,0
global.js,49,js,2fcfeac7,Albab Neawz,2025-10-17,20:11:22,-07:00,2025-10-17T20:11:22-07:00,0,0
global.js,50,js,2fcfeac7,Albab Neawz,2025-10-17,20:11:22,-07:00,2025-10-17T20:11:22-07:00,0,31
global.js,51,js,2fcfeac7,Albab Neawz,2025-10-17,20:11:22,-07:00,2025-10-17T20:11:22-07:00,1,11
global.js,52,js,2fcfeac7,Albab Neawz,2025-10-17,20:11:22,-07:00,2025-10-17T20:11:22-07:00,1,0
global.js,53,js,2fcfeac7,Albab Neawz,2025-10-17,20:11:22,-07:00,2025-10-17T20:11:22-07:00,0,26
global.js,54,js,2fcfeac7,Albab Neawz,2025-10-17,20:11:22,-07:00,2025-10-17T20:11:22-07:00,1,4
global.js,55,js,2fcfeac7,Albab Neawz,2025-10-17,20:11:22,-07:00,2025-10-17T20:11:22-07:00,1,6
global.js,56,js,2fcfeac7,Albab Neawz,2025-10-17,20:11:22,-07:00,2025-10-17T20:11:22-07:00,2,43
global.js,57,js,2fcfeac7,Albab Neawz,2025-10-17,20:11:22,-07:00,2025-10-17T20:11:22-07:00,2,34
global.js,58,js,2fcfeac7,Albab Neawz,2025-10-17,20:11:22,-07:00,2025-10-17T20:11:22-07:00,2,32
global.js,59,js,2fcfeac7,Albab Neawz,2025-10-17,20:11:22,-07:00,2025-10-17T20:11:22-07:00,1,7
global.js,60,js,2fcfeac7,Albab Neawz,2025-10-17,20:11:22,-07:00,2025-10-17T20:11:22-07:00,0,6
global.js,61,js,2fcfeac7,Albab Neawz,2025-10-17,20:11:22,-07:00,2025-10-17T20:11:22-07:00,0,0
global.js,62,js,280d5b50,Albab Neawz,2025-10-17,19:45:30,-07:00,2025-10-17T19:45:30-07:00,0,0
global.js,63,js,0546b016,Albab Neawz,2025-10-17,19:49:49,-07:00,2025-10-17T19:49:49-07:00,0,0
global.js,64,js,d33dad5e,Albab Neawz,2025-10-17,20:28:59,-07:00,2025-10-17T20:28:59-07:00,0,65
global.js,65,js,2fcfeac7,Albab Neawz,2025-10-17,20:11:22,-07:00,2025-10-17T20:11:22-07:00,0,0
global.js,66,js,d33dad5e,Albab Neawz,2025-10-17,20:28:59,-07:00,2025-10-17T20:28:59-07:00,0,26
global.js,67,js,d33dad5e,Albab Neawz,2025-10-17,20:28:59,-07:00,2025-10-17T20:28:59-07:00,1,42
global.js,68,js,d33dad5e,Albab Neawz,2025-10-17,20:28:59,-07:00,2025-10-17T20:28:59-07:00,2,64
global.js,69,js,d33dad5e,Albab Neawz,2025-10-17,20:28:59,-07:00,2025-10-17T20:28:59-07:00,1,6
global.js,70,js,d33dad5e,Albab Neawz,2025-10-17,20:28:59,-07:00,2025-10-17T20:28:59-07:00,2,60
global.js,71,js,d33dad5e,Albab Neawz,2025-10-17,20:28:59,-07:00,2025-10-17T20:28:59-07:00,1,0
global.js,72,js,c11debcb,Albab Neawz,2025-10-17,20:48:48,-07:00,2025-10-17T20:48:48-07:00,1,35
global.js,73,js,2fcfeac7,Albab Neawz,2025-10-17,20:11:22,-07:00,2025-10-17T20:11:22-07:00,0,0
global.js,74,js,2fcfeac7,Albab Neawz,2025-10-17,20:11:22,-07:00,2025-10-17T20:11:22-07:00,0,0
global.js,75,js,c11debcb,Albab Neawz,2025-10-17,20:48:48,-07:00,2025-10-17T20:48:48-07:00,0,64
global.js,76,js,c11debcb,Albab Neawz,2025-10-17,20:48:48,-07:00,2025-10-17T20:48:48-07:00,0,28
global.js,77,js,2fcfeac7,Albab Neawz,2025-10-17,20:11:22,-07:00,2025-10-17T20:11:22-07:00,0,0
global.js,78,js,d33dad5e,Albab Neawz,2025-10-17,20:28:59,-07:00,2025-10-17T20:28:59-07:00,0,44
global.js,79,js,c11debcb,Albab Neawz,2025-10-17,20:48:48,-07:00,2025-10-17T20:48:48-07:00,1,28
global.js,80,js,2fcfeac7,Albab Neawz,2025-10-17,20:11:22,-07:00,2025-10-17T20:11:22-07:00,0,1
global.js,81,js,dcc856c7,Albab Neawz,2025-10-24,19:38:17,-07:00,2025-10-24T19:38:17-07:00,0,0
global.js,82,js,dcc856c7,Albab Neawz,2025-10-24,19:38:17,-07:00,2025-10-24T19:38:17-07:00,0,36
global.js,83,js,dcc856c7,Albab Neawz,2025-10-24,19:38:17,-07:00,2025-10-24T19:38:17-07:00,1,3
global.js,84,js,dcc856c7,Albab Neawz,2025-10-24,19:38:17,-07:00,2025-10-24T19:38:17-07:00,2,32
global.js,85,js,dcc856c7,Albab Neawz,2025-10-24,19:38:17,-07:00,2025-10-24T19:38:17-07:00,2,17
global.js,86,js,dcc856c7,Albab Neawz,2025-10-24,19:38:17,-07:00,2025-10-24T19:38:17-07:00,3,66
global.js,87,js,dcc856c7,Albab Neawz,2025-10-24,19:38:17,-07:00,2025-10-24T19:38:17-07:00,2,0
global.js,88,js,dcc856c7,Albab Neawz,2025-10-24,19:38:17,-07:00,2025-10-24T19:38:17-07:00,2,33
global.js,89,js,dcc856c7,Albab Neawz,2025-10-24,19:38:17,-07:00,2025-10-24T19:38:17-07:00,2,10
global.js,90,js,dcc856c7,Albab Neawz,2025-10-24,19:38:17,-07:00,2025-10-24T19:38:17-07:00,1,15
global.js,91,js,dcc856c7,Albab Neawz,2025-10-24,19:38:17,-07:00,2025-10-24T19:38:17-07:00,2,59
global.js,92,js,dcc856c7,Albab Neawz,2025-10-24,19:38:17,-07:00,2025-10-24T19:38:17-07:00,1,0
global.js,93,js,dcc856c7,Albab Neawz,2025-10-24,19:38:17,-07:00,2025-10-24T19:38:17-07:00,0,0
global.js,94,js,dcc856c7,Albab Neawz,2025-10-24,19:38:17,-07:00,2025-10-24T19:38:17-07:00,0,0
global.js,95,js,dcc856c7,Albab Neawz,2025-10-24,19:38:17,-07:00,2025-10-24T19:38:17-07:00,0,79
global.js,96,js,dcc856c7,Albab Neawz,2025-10-24,19:38:17,-07:00,2025-10-24T19:38:17-07:00,1,28
global.js,97,js,dcc856c7,Albab Neawz,2025-10-24,19:38:17,-07:00,2025-10-24T19:38:17-07:00,1,30
global.js,98,js,dcc856c7,Albab Neawz,2025-10-24,19:38:17,-07:00,2025-10-24T19:38:17-07:00,0,0
global.js,99,js,dcc856c7,Albab Neawz,2025-10-24,19:38:17,-07:00,2025-10-24T19:38:17-07:00,1,29
global.js,100,js,dcc856c7,Albab Neawz,2025-10-24,19:38:17,-07:00,2025-10-24T19:38:17-07:00,2,48
global.js,101,js,dcc856c7,Albab Neawz,2025-10-24,19:38:17,-07:00,2025-10-24T19:38:17-07:00,2,19
global.js,102,js,dcc856c7,Albab Neawz,2025-10-24,19:38:17,-07:00,2025-10-24T19:38:17-07:00,3,49
global.js,103,js,dcc856c7,Albab Neawz,2025-10-24,19:38:17,-07:00,2025-10-24T19:38:17-07:00,3,49
global.js,104,js,dcc856c7,Albab Neawz,2025-10-24,19:38:17,-07:00,2025-10-24T19:38:17-07:00,3,27
global.js,105,js,dcc856c7,Albab Neawz,2025-10-24,19:38:17,-07:00,2025-10-24T19:38:17-07:00,2,0
global.js,106,js,dcc856c7,Albab Neawz,2025-10-24,19:38:17,-07:00,2025-10-24T19:38:17-07:00,2,36
global.js,107,js,dcc856c7,Albab Neawz,2025-10-24,19:38:17,-07:00,2025-10-24T19:38:17-07:00,1,0
global.js,108,js,dcc856c7,Albab Neawz,2025-10-24,19:38:17,-07:00,2025-10-24T19:38:17-07:00,0,0
global.js,109,js,dcc856c7,Albab Neawz,2025-10-24,19:38:17,-07:00,2025-10-24T19:38:17-07:00,1,26
global.js,110,js,dcc856c7,Albab Neawz,2025-10-24,19:38:17,-07:00,2025-10-24T19:38:17-07:00,2,59
global.js,111,js,dcc856c7,Albab Neawz,2025-10-24,19:38:17,-07:00,2025-10-24T19:38:17-07:00,1,0
global.js,112,js,dcc856c7,Albab Neawz,2025-10-24,19:38:17,-07:00,2025-10-24T19:38:17-07:00,0,0
global.js,113,js,dcc856c7,Albab Neawz,2025-10-24,19:38:17,-07:00,2025-10-24T19:38:17-07:00,0,0
global.js,114,js,dcc856c7,Albab Neawz,2025-10-24,19:38:17,-07:00,2025-10-24T19:38:17-07:00,0,47
global.js,115,js,dcc856c7,Albab Neawz,2025-10-24,19:38:17,-07:00,2025-10-24T19:38:17-07:00,1,58
global.js,116,js,dcc856c7,Albab Neawz,2025-10-24,19:38:17,-07:00,2025-10-24T19:38:17-07:00,0,0
Resume\index.html,1,html,1fb6da84,Albab Neawz,2025-10-03,22:50:08,-07:00,2025-10-03T22:50:08-07:00,0,13
Resume\index.html,2,html,1fb6da84,Albab Neawz,2025-10-03,22:50:08,-07:00,2025-10-03T22:50:08-07:00,0,14
Resume\index.html,3,html,1fb6da84,Albab Neawz,2025-10-03,22:50:08,-07:00,2025-10-03T22:50:08-07:00,0,4
Resume\index.html,4,html,1fb6da84,Albab Neawz,2025-10-03,22:50:08,-07:00,2025-10-03T22:50:08-07:00,1,22
Resume\index.html,5,html,1fb6da84,Albab Neawz,2025-10-03,22:50:08,-07:00,2025-10-03T22:50:08-07:00,1,70
Resume\index.html,6,html,1fb6da84,Albab Neawz,2025-10-03,22:50:08,-07:00,2025-10-03T22:50:08-07:00,1,33
Resume\index.html,7,html,1fb6da84,Albab Neawz,2025-10-03,22:50:08,-07:00,2025-10-03T22:50:08-07:00,1,43
Resume\index.html,8,html,1fb6da84,Albab Neawz,2025-10-03,22:50:08,-07:00,2025-10-03T22:50:08-07:00,0,5
Resume\index.html,9,html,1fb6da84,Albab Neawz,2025-10-03,22:50:08,-07:00,2025-10-03T22:50:08-07:00,0,4
Resume\index.html,10,html,1fb6da84,Albab Neawz,2025-10-03,22:50:08,-07:00,2025-10-03T22:50:08-07:00,0,0
Resume\index.html,11,html,1fb6da84,Albab Neawz,2025-10-03,22:50:08,-07:00,2025-10-03T22:50:08-07:00,1,3
Resume\index.html,12,html,1fb6da84,Albab Neawz,2025-10-03,22:50:08,-07:00,2025-10-03T22:50:08-07:00,2,30
Resume\index.html,13,html,1fb6da84,Albab Neawz,2025-10-03,22:50:08,-07:00,2025-10-03T22:50:08-07:00,2,43
Resume\index.html,14,html,9d853c99,Albab Neawz,2025-10-03,22:59:58,-07:00,2025-10-03T22:59:58-07:00,2,41
Resume\index.html,15,html,9d853c99,Albab Neawz,2025-10-03,22:59:58,-07:00,2025-10-03T22:59:58-07:00,2,39
Resume\index.html,16,html,64b87859,Albab Neawz,2025-11-09,20:00:25,-08:00,2025-11-09T20:00:25-08:00,2,35
Resume\index.html,17,html,569f2b00,Albab Neawz,2025-10-03,23:20:56,-07:00,2025-10-03T23:20:56-07:00,2,64
Resume\index.html,18,html,1fb6da84,Albab Neawz,2025-10-03,22:50:08,-07:00,2025-10-03T22:50:08-07:00,1,4
Resume\index.html,19,html,1fb6da84,Albab Neawz,2025-10-03,22:50:08,-07:00,2025-10-03T22:50:08-07:00,0,0
Resume\index.html,20,html,1fb6da84,Albab Neawz,2025-10-03,22:50:08,-07:00,2025-10-03T22:50:08-07:00,1,26
Resume\index.html,21,html,1fb6da84,Albab Neawz,2025-10-03,22:50:08,-07:00,2025-10-03T22:50:08-07:00,0,0
Resume\index.html,22,html,d5f789f1,Albab Neawz,2025-10-10,21:45:10,-07:00,2025-10-10T21:45:10-07:00,1,22
Resume\index.html,23,html,1fb6da84,Albab Neawz,2025-10-03,22:50:08,-07:00,2025-10-03T22:50:08-07:00,0,0
Resume\index.html,24,html,d5f789f1,Albab Neawz,2025-10-10,21:45:10,-07:00,2025-10-10T21:45:10-07:00,2,7
Resume\index.html,25,html,d5f789f1,Albab Neawz,2025-10-10,21:45:10,-07:00,2025-10-10T21:45:10-07:00,3,6
Resume\index.html,26,html,d5f789f1,Albab Neawz,2025-10-10,21:45:10,-07:00,2025-10-10T21:45:10-07:00,4,14
Resume\index.html,27,html,d5f789f1,Albab Neawz,2025-10-10,21:45:10,-07:00,2025-10-10T21:45:10-07:00,3,7
Resume\index.html,28,html,1fb6da84,Albab Neawz,2025-10-03,22:50:08,-07:00,2025-10-03T22:50:08-07:00,3,1
Resume\index.html,29,html,d5f789f1,Albab Neawz,2025-10-10,21:45:10,-07:00,2025-10-10T21:45:10-07:00,4,109
Resume\index.html,30,html,d5f789f1,Albab Neawz,2025-10-10,21:45:10,-07:00,2025-10-10T21:45:10-07:00,4,21
Resume\index.html,31,html,d5f789f1,Albab Neawz,2025-10-10,21:45:10,-07:00,2025-10-10T21:45:10-07:00,4,29
Resume\index.html,32,html,1fb6da84,Albab Neawz,2025-10-03,22:50:08,-07:00,2025-10-03T22:50:08-07:00,3,2
Resume\index.html,33,html,d5f789f1,Albab Neawz,2025-10-10,21:45:10,-07:00,2025-10-10T21:45:10-07:00,2,8
Resume\index.html,34,html,d5f789f1,Albab Neawz,2025-10-10,21:45:10,-07:00,2025-10-10T21:45:10-07:00,0,0
Resume\index.html,35,html,d5f789f1,Albab Neawz,2025-10-10,21:45:10,-07:00,2025-10-10T21:45:10-07:00,2,7
Resume\index.html,36,html,d5f789f1,Albab Neawz,2025-10-10,21:45:10,-07:00,2025-10-10T21:45:10-07:00,3,6
Resume\index.html,37,html,d5f789f1,Albab Neawz,2025-10-10,21:45:10,-07:00,2025-10-10T21:45:10-07:00,4,16
Resume\index.html,38,html,d5f789f1,Albab Neawz,2025-10-10,21:45:10,-07:00,2025-10-10T21:45:10-07:00,3,7
Resume\index.html,39,html,1fb6da84,Albab Neawz,2025-10-03,22:50:08,-07:00,2025-10-03T22:50:08-07:00,3,1
Resume\index.html,40,html,d5f789f1,Albab Neawz,2025-10-10,21:45:10,-07:00,2025-10-10T21:45:10-07:00,4,187
Resume\index.html,41,html,1fb6da84,Albab Neawz,2025-10-03,22:50:08,-07:00,2025-10-03T22:50:08-07:00,3,2
Resume\index.html,42,html,d5f789f1,Albab Neawz,2025-10-10,21:45:10,-07:00,2025-10-10T21:45:10-07:00,2,8
Resume\index.html,43,html,d5f789f1,Albab Neawz,2025-10-10,21:45:10,-07:00,2025-10-10T21:45:10-07:00,0,0
Resume\index.html,44,html,d5f789f1,Albab Neawz,2025-10-10,21:45:10,-07:00,2025-10-10T21:45:10-07:00,2,7
Resume\index.html,45,html,d5f789f1,Albab Neawz,2025-10-10,21:45:10,-07:00,2025-10-10T21:45:10-07:00,3,6
Resume\index.html,46,html,d5f789f1,Albab Neawz,2025-10-10,21:45:10,-07:00,2025-10-10T21:45:10-07:00,4,16
Resume\index.html,47,html,d5f789f1,Albab Neawz,2025-10-10,21:45:10,-07:00,2025-10-10T21:45:10-07:00,3,7
Resume\index.html,48,html,d5f789f1,Albab Neawz,2025-10-10,21:45:10,-07:00,2025-10-10T21:45:10-07:00,3,7
Resume\index.html,49,html,d5f789f1,Albab Neawz,2025-10-10,21:45:10,-07:00,2025-10-10T21:45:10-07:00,4,42
Resume\index.html,50,html,d5f789f1,Albab Neawz,2025-10-10,21:45:10,-07:00,2025-10-10T21:45:10-07:00,4,27
Resume\index.html,51,html,d5f789f1,Albab Neawz,2025-10-10,21:45:10,-07:00,2025-10-10T21:45:10-07:00,4,48
Resume\index.html,52,html,d5f789f1,Albab Neawz,2025-10-10,21:45:10,-07:00,2025-10-10T21:45:10-07:00,3,8
Resume\index.html,53,html,d5f789f1,Albab Neawz,2025-10-10,21:45:10,-07:00,2025-10-10T21:45:10-07:00,3,7
Resume\index.html,54,html,d5f789f1,Albab Neawz,2025-10-10,21:45:10,-07:00,2025-10-10T21:45:10-07:00,4,46
Resume\index.html,55,html,d5f789f1,Albab Neawz,2025-10-10,21:45:10,-07:00,2025-10-10T21:45:10-07:00,4,52
Resume\index.html,56,html,d5f789f1,Albab Neawz,2025-10-10,21:45:10,-07:00,2025-10-10T21:45:10-07:00,4,39
Resume\index.html,57,html,d5f789f1,Albab Neawz,2025-10-10,21:45:10,-07:00,2025-10-10T21:45:10-07:00,3,8
Resume\index.html,58,html,d5f789f1,Albab Neawz,2025-10-10,21:45:10,-07:00,2025-10-10T21:45:10-07:00,2,8
Resume\index.html,59,html,d5f789f1,Albab Neawz,2025-10-10,21:45:10,-07:00,2025-10-10T21:45:10-07:00,0,0
Resume\index.html,60,html,d5f789f1,Albab Neawz,2025-10-10,21:45:10,-07:00,2025-10-10T21:45:10-07:00,2,7
Resume\index.html,61,html,d5f789f1,Albab Neawz,2025-10-10,21:45:10,-07:00,2025-10-10T21:45:10-07:00,3,6
Resume\index.html,62,html,d5f789f1,Albab Neawz,2025-10-10,21:45:10,-07:00,2025-10-10T21:45:10-07:00,4,17
Resume\index.html,63,html,d5f789f1,Albab Neawz,2025-10-10,21:45:10,-07:00,2025-10-10T21:45:10-07:00,3,7
Resume\index.html,64,html,d5f789f1,Albab Neawz,2025-10-10,21:45:10,-07:00,2025-10-10T21:45:10-07:00,0,0
Resume\index.html,65,html,d5f789f1,Albab Neawz,2025-10-10,21:45:10,-07:00,2025-10-10T21:45:10-07:00,3,7
Resume\index.html,66,html,d5f789f1,Albab Neawz,2025-10-10,21:45:10,-07:00,2025-10-10T21:45:10-07:00,4,56
Resume\index.html,67,html,d5f789f1,Albab Neawz,2025-10-10,21:45:10,-07:00,2025-10-10T21:45:10-07:00,4,48
Resume\index.html,68,html,d5f789f1,Albab Neawz,2025-10-10,21:45:10,-07:00,2025-10-10T21:45:10-07:00,4,2
Resume\index.html,69,html,d5f789f1,Albab Neawz,2025-10-10,21:45:10,-07:00,2025-10-10T21:45:10-07:00,5,82
Resume\index.html,70,html,d5f789f1,Albab Neawz,2025-10-10,21:45:10,-07:00,2025-10-10T21:45:10-07:00,5,103
Resume\index.html,71,html,d5f789f1,Albab Neawz,2025-10-10,21:45:10,-07:00,2025-10-10T21:45:10-07:00,4,3
Resume\index.html,72,html,d5f789f1,Albab Neawz,2025-10-10,21:45:10,-07:00,2025-10-10T21:45:10-07:00,3,8
Resume\index.html,73,html,d5f789f1,Albab Neawz,2025-10-10,21:45:10,-07:00,2025-10-10T21:45:10-07:00,0,0
Resume\index.html,74,html,d5f789f1,Albab Neawz,2025-10-10,21:45:10,-07:00,2025-10-10T21:45:10-07:00,3,7
Resume\index.html,75,html,d5f789f1,Albab Neawz,2025-10-10,21:45:10,-07:00,2025-10-10T21:45:10-07:00,4,52
Resume\index.html,76,html,d5f789f1,Albab Neawz,2025-10-10,21:45:10,-07:00,2025-10-10T21:45:10-07:00,4,81
Resume\index.html,77,html,d5f789f1,Albab Neawz,2025-10-10,21:45:10,-07:00,2025-10-10T21:45:10-07:00,4,2
Resume\index.html,78,html,d5f789f1,Albab Neawz,2025-10-10,21:45:10,-07:00,2025-10-10T21:45:10-07:00,5,41
Resume\index.html,79,html,d5f789f1,Albab Neawz,2025-10-10,21:45:10,-07:00,2025-10-10T21:45:10-07:00,5,72
Resume\index.html,80,html,d5f789f1,Albab Neawz,2025-10-10,21:45:10,-07:00,2025-10-10T21:45:10-07:00,5,71
Resume\index.html,81,html,d5f789f1,Albab Neawz,2025-10-10,21:45:10,-07:00,2025-10-10T21:45:10-07:00,4,3
Resume\index.html,82,html,d5f789f1,Albab Neawz,2025-10-10,21:45:10,-07:00,2025-10-10T21:45:10-07:00,3,8
Resume\index.html,83,html,d5f789f1,Albab Neawz,2025-10-10,21:45:10,-07:00,2025-10-10T21:45:10-07:00,0,0
Resume\index.html,84,html,d5f789f1,Albab Neawz,2025-10-10,21:45:10,-07:00,2025-10-10T21:45:10-07:00,3,7
Resume\index.html,85,html,d5f789f1,Albab Neawz,2025-10-10,21:45:10,-07:00,2025-10-10T21:45:10-07:00,4,44
Resume\index.html,86,html,d5f789f1,Albab Neawz,2025-10-10,21:45:10,-07:00,2025-10-10T21:45:10-07:00,4,81
Resume\index.html,87,html,d5f789f1,Albab Neawz,2025-10-10,21:45:10,-07:00,2025-10-10T21:45:10-07:00,4,2
Resume\index.html,88,html,d5f789f1,Albab Neawz,2025-10-10,21:45:10,-07:00,2025-10-10T21:45:10-07:00,5,80
Resume\index.html,89,html,d5f789f1,Albab Neawz,2025-10-10,21:45:10,-07:00,2025-10-10T21:45:10-07:00,5,54
Resume\index.html,90,html,d5f789f1,Albab Neawz,2025-10-10,21:45:10,-07:00,2025-10-10T21:45:10-07:00,5,98
Resume\index.html,91,html,d5f789f1,Albab Neawz,2025-10-10,21:45:10,-07:00,2025-10-10T21:45:10-07:00,5,76
Resume\index.html,92,html,d5f789f1,Albab Neawz,2025-10-10,21:45:10,-07:00,2025-10-10T21:45:10-07:00,4,3
Resume\index.html,93,html,d5f789f1,Albab Neawz,2025-10-10,21:45:10,-07:00,2025-10-10T21:45:10-07:00,3,8
Resume\index.html,94,html,d5f789f1,Albab Neawz,2025-10-10,21:45:10,-07:00,2025-10-10T21:45:10-07:00,2,8
Resume\index.html,95,html,d5f789f1,Albab Neawz,2025-10-10,21:45:10,-07:00,2025-10-10T21:45:10-07:00,0,0
Resume\index.html,96,html,d5f789f1,Albab Neawz,2025-10-10,21:45:10,-07:00,2025-10-10T21:45:10-07:00,2,7
Resume\index.html,97,html,d5f789f1,Albab Neawz,2025-10-10,21:45:10,-07:00,2025-10-10T21:45:10-07:00,3,6
Resume\index.html,98,html,d5f789f1,Albab Neawz,2025-10-10,21:45:10,-07:00,2025-10-10T21:45:10-07:00,4,13
Resume\index.html,99,html,d5f789f1,Albab Neawz,2025-10-10,21:45:10,-07:00,2025-10-10T21:45:10-07:00,3,7
Resume\index.html,100,html,d5f789f1,Albab Neawz,2025-10-10,21:45:10,-07:00,2025-10-10T21:45:10-07:00,0,0
Resume\index.html,101,html,d5f789f1,Albab Neawz,2025-10-10,21:45:10,-07:00,2025-10-10T21:45:10-07:00,3,22
Resume\index.html,102,html,1fb6da84,Albab Neawz,2025-10-03,22:50:08,-07:00,2025-10-03T22:50:08-07:00,3,2
Resume\index.html,103,html,d5f789f1,Albab Neawz,2025-10-10,21:45:10,-07:00,2025-10-10T21:45:10-07:00,4,97
Resume\index.html,104,html,d5f789f1,Albab Neawz,2025-10-10,21:45:10,-07:00,2025-10-10T21:45:10-07:00,4,63
Resume\index.html,105,html,d5f789f1,Albab Neawz,2025-10-10,21:45:10,-07:00,2025-10-10T21:45:10-07:00,3,3
Resume\index.html,106,html,1fb6da84,Albab Neawz,2025-10-03,22:50:08,-07:00,2025-10-03T22:50:08-07:00,0,0
Resume\index.html,107,html,d5f789f1,Albab Neawz,2025-10-10,21:45:10,-07:00,2025-10-10T21:45:10-07:00,3,28
Resume\index.html,108,html,d5f789f1,Albab Neawz,2025-10-10,21:45:10,-07:00,2025-10-10T21:45:10-07:00,3,2
Resume\index.html,109,html,d5f789f1,Albab Neawz,2025-10-10,21:45:10,-07:00,2025-10-10T21:45:10-07:00,4,32
Resume\index.html,110,html,d5f789f1,Albab Neawz,2025-10-10,21:45:10,-07:00,2025-10-10T21:45:10-07:00,4,75
Resume\index.html,111,html,d5f789f1,Albab Neawz,2025-10-10,21:45:10,-07:00,2025-10-10T21:45:10-07:00,4,55
Resume\index.html,112,html,d5f789f1,Albab Neawz,2025-10-10,21:45:10,-07:00,2025-10-10T21:45:10-07:00,4,48
Resume\index.html,113,html,d5f789f1,Albab Neawz,2025-10-10,21:45:10,-07:00,2025-10-10T21:45:10-07:00,3,3
Resume\index.html,114,html,d5f789f1,Albab Neawz,2025-10-10,21:45:10,-07:00,2025-10-10T21:45:10-07:00,2,8
Resume\index.html,115,html,1fb6da84,Albab Neawz,2025-10-03,22:50:08,-07:00,2025-10-03T22:50:08-07:00,0,0
Resume\index.html,116,html,1fb6da84,Albab Neawz,2025-10-03,22:50:08,-07:00,2025-10-03T22:50:08-07:00,1,8
Resume\index.html,117,html,c1f6e706,Albab Neawz,2025-10-17,19:26:44,-07:00,2025-10-17T19:26:44-07:00,0,48
Resume\index.html,118,html,1fb6da84,Albab Neawz,2025-10-03,22:50:08,-07:00,2025-10-03T22:50:08-07:00,0,0
Resume\index.html,119,html,1fb6da84,Albab Neawz,2025-10-03,22:50:08,-07:00,2025-10-03T22:50:08-07:00,0,5
Resume\index.html,120,html,d5f789f1,Albab Neawz,2025-10-10,21:45:10,-07:00,2025-10-10T21:45:10-07:00,0,5
projects\projects.js,1,js,3e036197,Albab Neawz,2025-10-31,23:42:22,-07:00,2025-10-31T23:42:22-07:00,0,55
projects\projects.js,2,js,a14a9d93,Albab Neawz,2025-10-31,21:15:09,-07:00,2025-10-31T21:15:09-07:00,0,0
projects\projects.js,3,js,f072211d,Albab Neawz,2025-10-31,23:44:56,-07:00,2025-10-31T23:44:56-07:00,0,55
projects\projects.js,4,js,fc28ead1,Albab Neawz,2025-10-31,22:42:19,-07:00,2025-10-31T22:42:19-07:00,0,60
projects\projects.js,5,js,d6a1c464,Albab Neawz,2025-10-31,23:34:37,-07:00,2025-10-31T23:34:37-07:00,0,13
projects\projects.js,6,js,add091c2,Albab Neawz,2025-10-31,23:37:59,-07:00,2025-10-31T23:37:59-07:00,0,22
projects\projects.js,7,js,9d9ca76b,Albab Neawz,2025-10-31,23:28:20,-07:00,2025-10-31T23:28:20-07:00,0,0
projects\projects.js,8,js,f072211d,Albab Neawz,2025-10-31,23:44:56,-07:00,2025-10-31T23:44:56-07:00,0,25
projects\projects.js,9,js,add091c2,Albab Neawz,2025-10-31,23:37:59,-07:00,2025-10-31T23:37:59-07:00,1,27
projects\projects.js,10,js,f072211d,Albab Neawz,2025-10-31,23:44:56,-07:00,2025-10-31T23:44:56-07:00,2,90
projects\projects.js,11,js,add091c2,Albab Neawz,2025-10-31,23:37:59,-07:00,2025-10-31T23:37:59-07:00,2,64
projects\projects.js,12,js,f072211d,Albab Neawz,2025-10-31,23:44:56,-07:00,2025-10-31T23:44:56-07:00,2,33
projects\projects.js,13,js,add091c2,Albab Neawz,2025-10-31,23:37:59,-07:00,2025-10-31T23:37:59-07:00,1,1
projects\projects.js,14,js,add091c2,Albab Neawz,2025-10-31,23:37:59,-07:00,2025-10-31T23:37:59-07:00,0,0
projects\projects.js,15,js,add091c2,Albab Neawz,2025-10-31,23:37:59,-07:00,2025-10-31T23:37:59-07:00,0,0
projects\projects.js,16,js,3e036197,Albab Neawz,2025-10-31,23:42:22,-07:00,2025-10-31T23:42:22-07:00,0,33
projects\projects.js,17,js,f072211d,Albab Neawz,2025-10-31,23:44:56,-07:00,2025-10-31T23:44:56-07:00,1,32
projects\projects.js,18,js,f072211d,Albab Neawz,2025-10-31,23:44:56,-07:00,2025-10-31T23:44:56-07:00,1,48
projects\projects.js,19,js,f072211d,Albab Neawz,2025-10-31,23:44:56,-07:00,2025-10-31T23:44:56-07:00,1,56
projects\projects.js,20,js,f072211d,Albab Neawz,2025-10-31,23:44:56,-07:00,2025-10-31T23:44:56-07:00,1,65
projects\projects.js,21,js,3e036197,Albab Neawz,2025-10-31,23:42:22,-07:00,2025-10-31T23:42:22-07:00,0,0
projects\projects.js,22,js,add091c2,Albab Neawz,2025-10-31,23:37:59,-07:00,2025-10-31T23:37:59-07:00,0,0
projects\projects.js,23,js,f072211d,Albab Neawz,2025-10-31,23:44:56,-07:00,2025-10-31T23:44:56-07:00,0,55
projects\projects.js,24,js,f072211d,Albab Neawz,2025-10-31,23:44:56,-07:00,2025-10-31T23:44:56-07:00,0,44
projects\projects.js,25,js,f072211d,Albab Neawz,2025-10-31,23:44:56,-07:00,2025-10-31T23:44:56-07:00,1,21
projects\projects.js,26,js,f072211d,Albab Neawz,2025-10-31,23:44:56,-07:00,2025-10-31T23:44:56-07:00,1,23
projects\projects.js,27,js,f072211d,Albab Neawz,2025-10-31,23:44:56,-07:00,2025-10-31T23:44:56-07:00,1,15
projects\projects.js,28,js,f072211d,Albab Neawz,2025-10-31,23:44:56,-07:00,2025-10-31T23:44:56-07:00,0,1
projects\projects.js,29,js,f072211d,Albab Neawz,2025-10-31,23:44:56,-07:00,2025-10-31T23:44:56-07:00,0,0
projects\projects.js,30,js,3e036197,Albab Neawz,2025-10-31,23:42:22,-07:00,2025-10-31T23:42:22-07:00,0,25
projects\projects.js,31,js,f072211d,Albab Neawz,2025-10-31,23:44:56,-07:00,2025-10-31T23:44:56-07:00,1,42
projects\projects.js,32,js,f072211d,Albab Neawz,2025-10-31,23:44:56,-07:00,2025-10-31T23:44:56-07:00,1,34
projects\projects.js,33,js,f072211d,Albab Neawz,2025-10-31,23:44:56,-07:00,2025-10-31T23:44:56-07:00,1,26
projects\projects.js,34,js,f072211d,Albab Neawz,2025-10-31,23:44:56,-07:00,2025-10-31T23:44:56-07:00,1,29
projects\projects.js,35,js,add091c2,Albab Neawz,2025-10-31,23:37:59,-07:00,2025-10-31T23:37:59-07:00,0,0
projects\projects.js,36,js,f072211d,Albab Neawz,2025-10-31,23:44:56,-07:00,2025-10-31T23:44:56-07:00,1,36
projects\projects.js,37,js,f072211d,Albab Neawz,2025-10-31,23:44:56,-07:00,2025-10-31T23:44:56-07:00,1,93
projects\projects.js,38,js,3e036197,Albab Neawz,2025-10-31,23:42:22,-07:00,2025-10-31T23:42:22-07:00,1,64
projects\projects.js,39,js,3e036197,Albab Neawz,2025-10-31,23:42:22,-07:00,2025-10-31T23:42:22-07:00,0,0
projects\projects.js,40,js,f072211d,Albab Neawz,2025-10-31,23:44:56,-07:00,2025-10-31T23:44:56-07:00,1,20
projects\projects.js,41,js,f072211d,Albab Neawz,2025-10-31,23:44:56,-07:00,2025-10-31T23:44:56-07:00,1,62
projects\projects.js,42,js,f072211d,Albab Neawz,2025-10-31,23:44:56,-07:00,2025-10-31T23:44:56-07:00,1,70
projects\projects.js,43,js,f072211d,Albab Neawz,2025-10-31,23:44:56,-07:00,2025-10-31T23:44:56-07:00,1,51
projects\projects.js,44,js,add091c2,Albab Neawz,2025-10-31,23:37:59,-07:00,2025-10-31T23:37:59-07:00,0,0
projects\projects.js,45,js,add091c2,Albab Neawz,2025-10-31,23:37:59,-07:00,2025-10-31T23:37:59-07:00,1,39
projects\projects.js,46,js,add091c2,Albab Neawz,2025-10-31,23:37:59,-07:00,2025-10-31T23:37:59-07:00,1,21
projects\projects.js,47,js,add091c2,Albab Neawz,2025-10-31,23:37:59,-07:00,2025-10-31T23:37:59-07:00,0,0
projects\projects.js,48,js,f072211d,Albab Neawz,2025-10-31,23:44:56,-07:00,2025-10-31T23:44:56-07:00,1,54
projects\projects.js,49,js,f072211d,Albab Neawz,2025-10-31,23:44:56,-07:00,2025-10-31T23:44:56-07:00,1,60
projects\projects.js,50,js,f072211d,Albab Neawz,2025-10-31,23:44:56,-07:00,2025-10-31T23:44:56-07:00,0,0
projects\projects.js,51,js,f072211d,Albab Neawz,2025-10-31,23:44:56,-07:00,2025-10-31T23:44:56-07:00,1,17
projects\projects.js,52,js,add091c2,Albab Neawz,2025-10-31,23:37:59,-07:00,2025-10-31T23:37:59-07:00,2,9
projects\projects.js,53,js,add091c2,Albab Neawz,2025-10-31,23:37:59,-07:00,2025-10-31T23:37:59-07:00,2,6
projects\projects.js,54,js,add091c2,Albab Neawz,2025-10-31,23:37:59,-07:00,2025-10-31T23:37:59-07:00,2,13
projects\projects.js,55,js,add091c2,Albab Neawz,2025-10-31,23:37:59,-07:00,2025-10-31T23:37:59-07:00,2,16
projects\projects.js,56,js,3e036197,Albab Neawz,2025-10-31,23:42:22,-07:00,2025-10-31T23:42:22-07:00,2,41
projects\projects.js,57,js,add091c2,Albab Neawz,2025-10-31,23:37:59,-07:00,2025-10-31T23:37:59-07:00,2,22
projects\projects.js,58,js,add091c2,Albab Neawz,2025-10-31,23:37:59,-07:00,2025-10-31T23:37:59-07:00,2,24
projects\projects.js,59,js,add091c2,Albab Neawz,2025-10-31,23:37:59,-07:00,2025-10-31T23:37:59-07:00,2,25
projects\projects.js,60,js,f072211d,Albab Neawz,2025-10-31,23:44:56,-07:00,2025-10-31T23:44:56-07:00,2,53
projects\projects.js,61,js,add091c2,Albab Neawz,2025-10-31,23:37:59,-07:00,2025-10-31T23:37:59-07:00,2,26
projects\projects.js,62,js,3e036197,Albab Neawz,2025-10-31,23:42:22,-07:00,2025-10-31T23:42:22-07:00,3,63
projects\projects.js,63,js,3e036197,Albab Neawz,2025-10-31,23:42:22,-07:00,2025-10-31T23:42:22-07:00,3,23
projects\projects.js,64,js,3e036197,Albab Neawz,2025-10-31,23:42:22,-07:00,2025-10-31T23:42:22-07:00,3,15
projects\projects.js,65,js,add091c2,Albab Neawz,2025-10-31,23:37:59,-07:00,2025-10-31T23:37:59-07:00,2,1
projects\projects.js,66,js,add091c2,Albab Neawz,2025-10-31,23:37:59,-07:00,2025-10-31T23:37:59-07:00,0,0
projects\projects.js,67,js,f072211d,Albab Neawz,2025-10-31,23:44:56,-07:00,2025-10-31T23:44:56-07:00,1,20
projects\projects.js,68,js,add091c2,Albab Neawz,2025-10-31,23:37:59,-07:00,2025-10-31T23:37:59-07:00,2,9
projects\projects.js,69,js,add091c2,Albab Neawz,2025-10-31,23:37:59,-07:00,2025-10-31T23:37:59-07:00,2,6
projects\projects.js,70,js,add091c2,Albab Neawz,2025-10-31,23:37:59,-07:00,2025-10-31T23:37:59-07:00,2,11
projects\projects.js,71,js,3e036197,Albab Neawz,2025-10-31,23:42:22,-07:00,2025-10-31T23:42:22-07:00,2,50
projects\projects.js,72,js,f072211d,Albab Neawz,2025-10-31,23:44:56,-07:00,2025-10-31T23:44:56-07:00,2,48
projects\projects.js,73,js,f072211d,Albab Neawz,2025-10-31,23:44:56,-07:00,2025-10-31T23:44:56-07:00,2,73
projects\projects.js,74,js,add091c2,Albab Neawz,2025-10-31,23:37:59,-07:00,2025-10-31T23:37:59-07:00,0,0
projects\projects.js,75,js,add091c2,Albab Neawz,2025-10-31,23:37:59,-07:00,2025-10-31T23:37:59-07:00,0,0
projects\projects.js,76,js,3e036197,Albab Neawz,2025-10-31,23:42:22,-07:00,2025-10-31T23:42:22-07:00,0,23
projects\projects.js,77,js,3e036197,Albab Neawz,2025-10-31,23:42:22,-07:00,2025-10-31T23:42:22-07:00,0,15
projects\index.html,1,html,7debfe64,Albab Neawz,2025-10-03,22:21:27,-07:00,2025-10-03T22:21:27-07:00,0,13
projects\index.html,2,html,7debfe64,Albab Neawz,2025-10-03,22:21:27,-07:00,2025-10-03T22:21:27-07:00,0,14
projects\index.html,3,html,7debfe64,Albab Neawz,2025-10-03,22:21:27,-07:00,2025-10-03T22:21:27-07:00,0,4
projects\index.html,4,html,7debfe64,Albab Neawz,2025-10-03,22:21:27,-07:00,2025-10-03T22:21:27-07:00,1,22
projects\index.html,5,html,7debfe64,Albab Neawz,2025-10-03,22:21:27,-07:00,2025-10-03T22:21:27-07:00,1,70
projects\index.html,6,html,7debfe64,Albab Neawz,2025-10-03,22:21:27,-07:00,2025-10-03T22:21:27-07:00,1,35
projects\index.html,7,html,7debfe64,Albab Neawz,2025-10-03,22:21:27,-07:00,2025-10-03T22:21:27-07:00,1,43
projects\index.html,8,html,31f3aed7,Albab Neawz,2025-10-31,23:00:15,-07:00,2025-10-31T23:00:15-07:00,1,51
projects\index.html,9,html,7debfe64,Albab Neawz,2025-10-03,22:21:27,-07:00,2025-10-03T22:21:27-07:00,0,5
projects\index.html,10,html,7debfe64,Albab Neawz,2025-10-03,22:21:27,-07:00,2025-10-03T22:21:27-07:00,0,4
projects\index.html,11,html,bd29d0eb,Albab Neawz,2025-11-09,21:51:58,-08:00,2025-11-09T21:51:58-08:00,0,3
projects\index.html,12,html,bd29d0eb,Albab Neawz,2025-11-09,21:51:58,-08:00,2025-11-09T21:51:58-08:00,1,30
projects\index.html,13,html,bd29d0eb,Albab Neawz,2025-11-09,21:51:58,-08:00,2025-11-09T21:51:58-08:00,1,47
projects\index.html,14,html,bd29d0eb,Albab Neawz,2025-11-09,21:51:58,-08:00,2025-11-09T21:51:58-08:00,1,41
projects\index.html,15,html,bd29d0eb,Albab Neawz,2025-11-09,21:51:58,-08:00,2025-11-09T21:51:58-08:00,1,39
projects\index.html,16,html,bd29d0eb,Albab Neawz,2025-11-09,21:51:58,-08:00,2025-11-09T21:51:58-08:00,1,35
projects\index.html,17,html,bd29d0eb,Albab Neawz,2025-11-09,21:51:58,-08:00,2025-11-09T21:51:58-08:00,1,64
projects\index.html,18,html,bd29d0eb,Albab Neawz,2025-11-09,21:51:58,-08:00,2025-11-09T21:51:58-08:00,0,4
projects\index.html,19,html,8f72a689,Albab Neawz,2025-11-09,21:42:52,-08:00,2025-11-09T21:42:52-08:00,0,0
projects\index.html,20,html,7debfe64,Albab Neawz,2025-10-03,22:21:27,-07:00,2025-10-03T22:21:27-07:00,0,0
projects\index.html,21,html,e59ae957,Albab Neawz,2025-10-31,23:15:59,-07:00,2025-10-31T23:15:59-07:00,1,38
projects\index.html,22,html,e59ae957,Albab Neawz,2025-10-31,23:15:59,-07:00,2025-10-31T23:15:59-07:00,1,102
projects\index.html,23,html,df147eca,Albab Neawz,2025-10-31,21:07:16,-07:00,2025-10-31T21:07:16-07:00,0,0
projects\index.html,24,html,e59ae957,Albab Neawz,2025-10-31,23:15:59,-07:00,2025-10-31T23:15:59-07:00,1,21
projects\index.html,25,html,f072211d,Albab Neawz,2025-10-31,23:44:56,-07:00,2025-10-31T23:44:56-07:00,2,85
projects\index.html,26,html,e59ae957,Albab Neawz,2025-10-31,23:15:59,-07:00,2025-10-31T23:15:59-07:00,2,22
projects\index.html,27,html,e59ae957,Albab Neawz,2025-10-31,23:15:59,-07:00,2025-10-31T23:15:59-07:00,1,4
projects\index.html,28,html,37d378d8,Albab Neawz,2025-10-17,19:35:09,-07:00,2025-10-17T19:35:09-07:00,0,0
projects\index.html,29,html,e59ae957,Albab Neawz,2025-10-31,23:15:59,-07:00,2025-10-31T23:15:59-07:00,1,26
projects\index.html,30,html,e59ae957,Albab Neawz,2025-10-31,23:15:59,-07:00,2025-10-31T23:15:59-07:00,0,0
projects\index.html,31,html,e59ae957,Albab Neawz,2025-10-31,23:15:59,-07:00,2025-10-31T23:15:59-07:00,1,48
projects\index.html,32,html,e59ae957,Albab Neawz,2025-10-31,23:15:59,-07:00,2025-10-31T23:15:59-07:00,1,47
projects\index.html,33,html,7debfe64,Albab Neawz,2025-10-03,22:21:27,-07:00,2025-10-03T22:21:27-07:00,0,5
projects\index.html,34,html,7debfe64,Albab Neawz,2025-10-03,22:21:27,-07:00,2025-10-03T22:21:27-07:00,0,5
meta\main.js,1,js,285b1f38,Albab Neawz,2025-11-23,04:00:44,-08:00,2025-11-23T04:00:44-08:00,0,63
meta\main.js,2,js,285b1f38,Albab Neawz,2025-11-23,04:00:44,-08:00,2025-11-23T04:00:44-08:00,0,72
meta\main.js,3,js,285b1f38,Albab Neawz,2025-11-23,04:00:44,-08:00,2025-11-23T04:00:44-08:00,0,0
meta\main.js,4,js,285b1f38,Albab Neawz,2025-11-23,04:00:44,-08:00,2025-11-23T04:00:44-08:00,0,9
meta\main.js,5,js,285b1f38,Albab Neawz,2025-11-23,04:00:44,-08:00,2025-11-23T04:00:44-08:00,0,9
meta\main.js,6,js,285b1f38,Albab Neawz,2025-11-23,04:00:44,-08:00,2025-11-23T04:00:44-08:00,0,0
meta\main.js,7,js,285b1f38,Albab Neawz,2025-11-23,04:00:44,-08:00,2025-11-23T04:00:44-08:00,0,18
meta\main.js,8,js,285b1f38,Albab Neawz,2025-11-23,04:00:44,-08:00,2025-11-23T04:00:44-08:00,0,23
meta\main.js,9,js,285b1f38,Albab Neawz,2025-11-23,04:00:44,-08:00,2025-11-23T04:00:44-08:00,0,0
meta\main.js,10,js,285b1f38,Albab Neawz,2025-11-23,04:00:44,-08:00,2025-11-23T04:00:44-08:00,0,49
meta\main.js,11,js,285b1f38,Albab Neawz,2025-11-23,04:00:44,-08:00,2025-11-23T04:00:44-08:00,0,0
meta\main.js,12,js,285b1f38,Albab Neawz,2025-11-23,04:00:44,-08:00,2025-11-23T04:00:44-08:00,0,25
meta\main.js,13,js,285b1f38,Albab Neawz,2025-11-23,04:00:44,-08:00,2025-11-23T04:00:44-08:00,2,44
meta\main.js,14,js,285b1f38,Albab Neawz,2025-11-23,04:00:44,-08:00,2025-11-23T04:00:44-08:00,4,5
meta\main.js,15,js,285b1f38,Albab Neawz,2025-11-23,04:00:44,-08:00,2025-11-23T04:00:44-08:00,4,14
meta\main.js,16,js,285b1f38,Albab Neawz,2025-11-23,04:00:44,-08:00,2025-11-23T04:00:44-08:00,4,16
meta\main.js,17,js,285b1f38,Albab Neawz,2025-11-23,04:00:44,-08:00,2025-11-23T04:00:44-08:00,4,18
meta\main.js,18,js,285b1f38,Albab Neawz,2025-11-23,04:00:44,-08:00,2025-11-23T04:00:44-08:00,4,45
meta\main.js,19,js,285b1f38,Albab Neawz,2025-11-23,04:00:44,-08:00,2025-11-23T04:00:44-08:00,4,30
meta\main.js,20,js,285b1f38,Albab Neawz,2025-11-23,04:00:44,-08:00,2025-11-23T04:00:44-08:00,2,2
meta\main.js,21,js,285b1f38,Albab Neawz,2025-11-23,04:00:44,-08:00,2025-11-23T04:00:44-08:00,2,10
meta\main.js,22,js,285b1f38,Albab Neawz,2025-11-23,04:00:44,-08:00,2025-11-23T04:00:44-08:00,0,0
meta\main.js,23,js,047666d5,Albab Neawz,2025-11-23,00:51:18,-08:00,2025-11-23T00:51:18-08:00,0,0
meta\main.js,24,js,047666d5,Albab Neawz,2025-11-23,00:51:18,-08:00,2025-11-23T00:51:18-08:00,0,0
meta\main.js,25,js,285b1f38,Albab Neawz,2025-11-23,04:00:44,-08:00,2025-11-23T04:00:44-08:00,0,29
meta\main.js,26,js,285b1f38,Albab Neawz,2025-11-23,04:00:44,-08:00,2025-11-23T04:00:44-08:00,2,69
meta\main.js,27,js,285b1f38,Albab Neawz,2025-11-23,04:00:44,-08:00,2025-11-23T04:00:44-08:00,4,58
meta\main.js,28,js,285b1f38,Albab Neawz,2025-11-23,04:00:44,-08:00,2025-11-23T04:00:44-08:00,4,11
meta\main.js,29,js,285b1f38,Albab Neawz,2025-11-23,04:00:44,-08:00,2025-11-23T04:00:44-08:00,6,9
meta\main.js,30,js,6ef35e4f,Albab Neawz,2025-11-23,04:05:13,-08:00,2025-11-23T04:05:13-08:00,6,76
meta\main.js,31,js,285b1f38,Albab Neawz,2025-11-23,04:00:44,-08:00,2025-11-23T04:00:44-08:00,6,5
meta\main.js,32,js,285b1f38,Albab Neawz,2025-11-23,04:00:44,-08:00,2025-11-23T04:00:44-08:00,6,3
meta\main.js,33,js,285b1f38,Albab Neawz,2025-11-23,04:00:44,-08:00,2025-11-23T04:00:44-08:00,6,3
meta\main.js,34,js,285b1f38,Albab Neawz,2025-11-23,04:00:44,-08:00,2025-11-23T04:00:44-08:00,6,7
meta\main.js,35,js,285b1f38,Albab Neawz,2025-11-23,04:00:44,-08:00,2025-11-23T04:00:44-08:00,6,7
meta\main.js,36,js,285b1f38,Albab Neawz,2025-11-23,04:00:44,-08:00,2025-11-23T04:00:44-08:00,6,55
meta\main.js,37,js,285b1f38,Albab Neawz,2025-11-23,04:00:44,-08:00,2025-11-23T04:00:44-08:00,6,22
meta\main.js,38,js,285b1f38,Albab Neawz,2025-11-23,04:00:44,-08:00,2025-11-23T04:00:44-08:00,4,0
meta\main.js,39,js,285b1f38,Albab Neawz,2025-11-23,04:00:44,-08:00,2025-11-23T04:00:44-08:00,4,35
meta\main.js,40,js,285b1f38,Albab Neawz,2025-11-23,04:00:44,-08:00,2025-11-23T04:00:44-08:00,6,10
meta\main.js,41,js,285b1f38,Albab Neawz,2025-11-23,04:00:44,-08:00,2025-11-23T04:00:44-08:00,6,13
meta\main.js,42,js,285b1f38,Albab Neawz,2025-11-23,04:00:44,-08:00,2025-11-23T04:00:44-08:00,6,17
meta\main.js,43,js,285b1f38,Albab Neawz,2025-11-23,04:00:44,-08:00,2025-11-23T04:00:44-08:00,6,14
meta\main.js,44,js,285b1f38,Albab Neawz,2025-11-23,04:00:44,-08:00,2025-11-23T04:00:44-08:00,4,1
meta\main.js,45,js,285b1f38,Albab Neawz,2025-11-23,04:00:44,-08:00,2025-11-23T04:00:44-08:00,4,9
meta\main.js,46,js,285b1f38,Albab Neawz,2025-11-23,04:00:44,-08:00,2025-11-23T04:00:44-08:00,2,1
meta\main.js,47,js,285b1f38,Albab Neawz,2025-11-23,04:00:44,-08:00,2025-11-23T04:00:44-08:00,0,0
meta\main.js,48,js,285b1f38,Albab Neawz,2025-11-23,04:00:44,-08:00,2025-11-23T04:00:44-08:00,2,39
meta\main.js,49,js,285b1f38,Albab Neawz,2025-11-23,04:00:44,-08:00,2025-11-23T04:00:44-08:00,0,0
meta\main.js,50,js,285b1f38,Albab Neawz,2025-11-23,04:00:44,-08:00,2025-11-23T04:00:44-08:00,0,0
meta\main.js,51,js,285b1f38,Albab Neawz,2025-11-23,04:00:44,-08:00,2025-11-23T04:00:44-08:00,0,0
meta\main.js,52,js,285b1f38,Albab Neawz,2025-11-23,04:00:44,-08:00,2025-11-23T04:00:44-08:00,0,0
meta\main.js,53,js,285b1f38,Albab Neawz,2025-11-23,04:00:44,-08:00,2025-11-23T04:00:44-08:00,0,0
meta\main.js,54,js,285b1f38,Albab Neawz,2025-11-23,04:00:44,-08:00,2025-11-23T04:00:44-08:00,0,39
meta\main.js,55,js,285b1f38,Albab Neawz,2025-11-23,04:00:44,-08:00,2025-11-23T04:00:44-08:00,2,27
meta\main.js,56,js,285b1f38,Albab Neawz,2025-11-23,04:00:44,-08:00,2025-11-23T04:00:44-08:00,2,50
meta\main.js,57,js,285b1f38,Albab Neawz,2025-11-23,04:00:44,-08:00,2025-11-23T04:00:44-08:00,6,0
meta\main.js,58,js,285b1f38,Albab Neawz,2025-11-23,04:00:44,-08:00,2025-11-23T04:00:44-08:00,2,61
meta\main.js,59,js,285b1f38,Albab Neawz,2025-11-23,04:00:44,-08:00,2025-11-23T04:00:44-08:00,2,63
meta\main.js,60,js,285b1f38,Albab Neawz,2025-11-23,04:00:44,-08:00,2025-11-23T04:00:44-08:00,2,57
meta\main.js,61,js,285b1f38,Albab Neawz,2025-11-23,04:00:44,-08:00,2025-11-23T04:00:44-08:00,0,0
meta\main.js,62,js,285b1f38,Albab Neawz,2025-11-23,04:00:44,-08:00,2025-11-23T04:00:44-08:00,2,31
meta\main.js,63,js,285b1f38,Albab Neawz,2025-11-23,04:00:44,-08:00,2025-11-23T04:00:44-08:00,2,27
meta\main.js,64,js,285b1f38,Albab Neawz,2025-11-23,04:00:44,-08:00,2025-11-23T04:00:44-08:00,0,0
meta\main.js,65,js,285b1f38,Albab Neawz,2025-11-23,04:00:44,-08:00,2025-11-23T04:00:44-08:00,2,57
meta\main.js,66,js,285b1f38,Albab Neawz,2025-11-23,04:00:44,-08:00,2025-11-23T04:00:44-08:00,2,57
meta\main.js,67,js,285b1f38,Albab Neawz,2025-11-23,04:00:44,-08:00,2025-11-23T04:00:44-08:00,0,0
meta\main.js,68,js,285b1f38,Albab Neawz,2025-11-23,04:00:44,-08:00,2025-11-23T04:00:44-08:00,1,0
meta\main.js,69,js,285b1f38,Albab Neawz,2025-11-23,04:00:44,-08:00,2025-11-23T04:00:44-08:00,2,37
meta\main.js,70,js,285b1f38,Albab Neawz,2025-11-23,04:00:44,-08:00,2025-11-23T04:00:44-08:00,4,48
meta\main.js,71,js,285b1f38,Albab Neawz,2025-11-23,04:00:44,-08:00,2025-11-23T04:00:44-08:00,4,48
meta\main.js,72,js,285b1f38,Albab Neawz,2025-11-23,04:00:44,-08:00,2025-11-23T04:00:44-08:00,4,48
meta\main.js,73,js,285b1f38,Albab Neawz,2025-11-23,04:00:44,-08:00,2025-11-23T04:00:44-08:00,4,53
meta\main.js,74,js,285b1f38,Albab Neawz,2025-11-23,04:00:44,-08:00,2025-11-23T04:00:44-08:00,2,0
meta\main.js,75,js,285b1f38,Albab Neawz,2025-11-23,04:00:44,-08:00,2025-11-23T04:00:44-08:00,2,23
meta\main.js,76,js,285b1f38,Albab Neawz,2025-11-23,04:00:44,-08:00,2025-11-23T04:00:44-08:00,2,25
meta\main.js,77,js,285b1f38,Albab Neawz,2025-11-23,04:00:44,-08:00,2025-11-23T04:00:44-08:00,2,50
meta\main.js,78,js,285b1f38,Albab Neawz,2025-11-23,04:00:44,-08:00,2025-11-23T04:00:44-08:00,2,52
meta\main.js,79,js,285b1f38,Albab Neawz,2025-11-23,04:00:44,-08:00,2025-11-23T04:00:44-08:00,0,0
meta\main.js,80,js,285b1f38,Albab Neawz,2025-11-23,04:00:44,-08:00,2025-11-23T04:00:44-08:00,0,0
meta\main.js,81,js,285b1f38,Albab Neawz,2025-11-23,04:00:44,-08:00,2025-11-23T04:00:44-08:00,0,0
meta\main.js,82,js,285b1f38,Albab Neawz,2025-11-23,04:00:44,-08:00,2025-11-23T04:00:44-08:00,0,63
meta\main.js,83,js,285b1f38,Albab Neawz,2025-11-23,04:00:44,-08:00,2025-11-23T04:00:44-08:00,0,57
meta\main.js,84,js,285b1f38,Albab Neawz,2025-11-23,04:00:44,-08:00,2025-11-23T04:00:44-08:00,0,57
meta\main.js,85,js,285b1f38,Albab Neawz,2025-11-23,04:00:44,-08:00,2025-11-23T04:00:44-08:00,0,57
meta\main.js,86,js,285b1f38,Albab Neawz,2025-11-23,04:00:44,-08:00,2025-11-23T04:00:44-08:00,0,61
meta\main.js,87,js,285b1f38,Albab Neawz,2025-11-23,04:00:44,-08:00,2025-11-23T04:00:44-08:00,0,59
meta\main.js,88,js,285b1f38,Albab Neawz,2025-11-23,04:00:44,-08:00,2025-11-23T04:00:44-08:00,0,65
meta\main.js,89,js,285b1f38,Albab Neawz,2025-11-23,04:00:44,-08:00,2025-11-23T04:00:44-08:00,0,71
meta\main.js,90,js,285b1f38,Albab Neawz,2025-11-23,04:00:44,-08:00,2025-11-23T04:00:44-08:00,0,0
meta\main.js,91,js,285b1f38,Albab Neawz,2025-11-23,04:00:44,-08:00,2025-11-23T04:00:44-08:00,0,0
meta\main.js,92,js,285b1f38,Albab Neawz,2025-11-23,04:00:44,-08:00,2025-11-23T04:00:44-08:00,0,31
meta\main.js,93,js,285b1f38,Albab Neawz,2025-11-23,04:00:44,-08:00,2025-11-23T04:00:44-08:00,2,13
meta\main.js,94,js,285b1f38,Albab Neawz,2025-11-23,04:00:44,-08:00,2025-11-23T04:00:44-08:00,2,23
meta\main.js,95,js,285b1f38,Albab Neawz,2025-11-23,04:00:44,-08:00,2025-11-23T04:00:44-08:00,2,40
meta\main.js,96,js,285b1f38,Albab Neawz,2025-11-23,04:00:44,-08:00,2025-11-23T04:00:44-08:00,2,57
meta\main.js,97,js,285b1f38,Albab Neawz,2025-11-23,04:00:44,-08:00,2025-11-23T04:00:44-08:00,4,14
meta\main.js,98,js,285b1f38,Albab Neawz,2025-11-23,04:00:44,-08:00,2025-11-23T04:00:44-08:00,2,1
meta\main.js,99,js,285b1f38,Albab Neawz,2025-11-23,04:00:44,-08:00,2025-11-23T04:00:44-08:00,2,61
meta\main.js,100,js,285b1f38,Albab Neawz,2025-11-23,04:00:44,-08:00,2025-11-23T04:00:44-08:00,4,13
meta\main.js,101,js,285b1f38,Albab Neawz,2025-11-23,04:00:44,-08:00,2025-11-23T04:00:44-08:00,4,14
meta\main.js,102,js,285b1f38,Albab Neawz,2025-11-23,04:00:44,-08:00,2025-11-23T04:00:44-08:00,2,1
meta\main.js,103,js,285b1f38,Albab Neawz,2025-11-23,04:00:44,-08:00,2025-11-23T04:00:44-08:00,2,42
meta\main.js,104,js,285b1f38,Albab Neawz,2025-11-23,04:00:44,-08:00,2025-11-23T04:00:44-08:00,2,43
meta\main.js,105,js,392c6b7b,Albab Neawz,2025-11-23,01:03:35,-08:00,2025-11-23T01:03:35-08:00,0,0
meta\main.js,106,js,beb1628a,Albab Neawz,2025-11-23,00:56:46,-08:00,2025-11-23T00:56:46-08:00,0,0
meta\main.js,107,js,285b1f38,Albab Neawz,2025-11-23,04:00:44,-08:00,2025-11-23T04:00:44-08:00,0,34
meta\main.js,108,js,285b1f38,Albab Neawz,2025-11-23,04:00:44,-08:00,2025-11-23T04:00:44-08:00,2,25
meta\main.js,109,js,285b1f38,Albab Neawz,2025-11-23,04:00:44,-08:00,2025-11-23T04:00:44-08:00,0,0
meta\main.js,110,js,285b1f38,Albab Neawz,2025-11-23,04:00:44,-08:00,2025-11-23T04:00:44-08:00,0,33
meta\main.js,111,js,285b1f38,Albab Neawz,2025-11-23,04:00:44,-08:00,2025-11-23T04:00:44-08:00,2,11
meta\main.js,112,js,285b1f38,Albab Neawz,2025-11-23,04:00:44,-08:00,2025-11-23T04:00:44-08:00,2,48
meta\main.js,113,js,285b1f38,Albab Neawz,2025-11-23,04:00:44,-08:00,2025-11-23T04:00:44-08:00,2,47
meta\main.js,114,js,047666d5,Albab Neawz,2025-11-23,00:51:18,-08:00,2025-11-23T00:51:18-08:00,0,0
meta\main.js,115,js,392c6b7b,Albab Neawz,2025-11-23,01:03:35,-08:00,2025-11-23T01:03:35-08:00,0,0
meta\main.js,116,js,285b1f38,Albab Neawz,2025-11-23,04:00:44,-08:00,2025-11-23T04:00:44-08:00,0,40
meta\main.js,117,js,285b1f38,Albab Neawz,2025-11-23,04:00:44,-08:00,2025-11-23T04:00:44-08:00,2,49
meta\main.js,118,js,285b1f38,Albab Neawz,2025-11-23,04:00:44,-08:00,2025-11-23T04:00:44-08:00,2,56
meta\main.js,119,js,285b1f38,Albab Neawz,2025-11-23,04:00:44,-08:00,2025-11-23T04:00:44-08:00,2,15
meta\main.js,120,js,285b1f38,Albab Neawz,2025-11-23,04:00:44,-08:00,2025-11-23T04:00:44-08:00,2,47
meta\main.js,121,js,285b1f38,Albab Neawz,2025-11-23,04:00:44,-08:00,2025-11-23T04:00:44-08:00,2,16
meta\main.js,122,js,285b1f38,Albab Neawz,2025-11-23,04:00:44,-08:00,2025-11-23T04:00:44-08:00,4,15
meta\main.js,123,js,285b1f38,Albab Neawz,2025-11-23,04:00:44,-08:00,2025-11-23T04:00:44-08:00,4,23
meta\main.js,124,js,285b1f38,Albab Neawz,2025-11-23,04:00:44,-08:00,2025-11-23T04:00:44-08:00,4,13
meta\main.js,125,js,285b1f38,Albab Neawz,2025-11-23,04:00:44,-08:00,2025-11-23T04:00:44-08:00,4,26
meta\main.js,126,js,285b1f38,Albab Neawz,2025-11-23,04:00:44,-08:00,2025-11-23T04:00:44-08:00,4,35
meta\main.js,127,js,285b1f38,Albab Neawz,2025-11-23,04:00:44,-08:00,2025-11-23T04:00:44-08:00,4,36
meta\main.js,128,js,285b1f38,Albab Neawz,2025-11-23,04:00:44,-08:00,2025-11-23T04:00:44-08:00,2,0
meta\main.js,129,js,285b1f38,Albab Neawz,2025-11-23,04:00:44,-08:00,2025-11-23T04:00:44-08:00,0,0
meta\main.js,130,js,285b1f38,Albab Neawz,2025-11-23,04:00:44,-08:00,2025-11-23T04:00:44-08:00,2,10
meta\main.js,131,js,285b1f38,Albab Neawz,2025-11-23,04:00:44,-08:00,2025-11-23T04:00:44-08:00,4,15
meta\main.js,132,js,285b1f38,Albab Neawz,2025-11-23,04:00:44,-08:00,2025-11-23T04:00:44-08:00,4,12
meta\main.js,133,js,285b1f38,Albab Neawz,2025-11-23,04:00:44,-08:00,2025-11-23T04:00:44-08:00,4,39
meta\main.js,134,js,285b1f38,Albab Neawz,2025-11-23,04:00:44,-08:00,2025-11-23T04:00:44-08:00,4,27
meta\main.js,135,js,285b1f38,Albab Neawz,2025-11-23,04:00:44,-08:00,2025-11-23T04:00:44-08:00,0,0
meta\main.js,136,js,285b1f38,Albab Neawz,2025-11-23,04:00:44,-08:00,2025-11-23T04:00:44-08:00,2,7
meta\main.js,137,js,285b1f38,Albab Neawz,2025-11-23,04:00:44,-08:00,2025-11-23T04:00:44-08:00,4,10
meta\main.js,138,js,285b1f38,Albab Neawz,2025-11-23,04:00:44,-08:00,2025-11-23T04:00:44-08:00,4,39
meta\main.js,139,js,285b1f38,Albab Neawz,2025-11-23,04:00:44,-08:00,2025-11-23T04:00:44-08:00,4,40
meta\main.js,140,js,285b1f38,Albab Neawz,2025-11-23,04:00:44,-08:00,2025-11-23T04:00:44-08:00,4,6
meta\main.js,141,js,285b1f38,Albab Neawz,2025-11-23,04:00:44,-08:00,2025-11-23T04:00:44-08:00,4,0
meta\main.js,142,js,285b1f38,Albab Neawz,2025-11-23,04:00:44,-08:00,2025-11-23T04:00:44-08:00,2,7
meta\main.js,143,js,285b1f38,Albab Neawz,2025-11-23,04:00:44,-08:00,2025-11-23T04:00:44-08:00,4,12
meta\main.js,144,js,285b1f38,Albab Neawz,2025-11-23,04:00:44,-08:00,2025-11-23T04:00:44-08:00,4,13
meta\main.js,145,js,285b1f38,Albab Neawz,2025-11-23,04:00:44,-08:00,2025-11-23T04:00:44-08:00,4,41
meta\main.js,146,js,285b1f38,Albab Neawz,2025-11-23,04:00:44,-08:00,2025-11-23T04:00:44-08:00,3,0
meta\main.js,147,js,285b1f38,Albab Neawz,2025-11-23,04:00:44,-08:00,2025-11-23T04:00:44-08:00,0,0
meta\main.js,148,js,285b1f38,Albab Neawz,2025-11-23,04:00:44,-08:00,2025-11-23T04:00:44-08:00,2,19
meta\main.js,149,js,285b1f38,Albab Neawz,2025-11-23,04:00:44,-08:00,2025-11-23T04:00:44-08:00,4,26
meta\main.js,150,js,285b1f38,Albab Neawz,2025-11-23,04:00:44,-08:00,2025-11-23T04:00:44-08:00,4,25
meta\main.js,151,js,285b1f38,Albab Neawz,2025-11-23,04:00:44,-08:00,2025-11-23T04:00:44-08:00,4,52
meta\main.js,152,js,285b1f38,Albab Neawz,2025-11-23,04:00:44,-08:00,2025-11-23T04:00:44-08:00,4,4
meta\main.js,153,js,285b1f38,Albab Neawz,2025-11-23,04:00:44,-08:00,2025-11-23T04:00:44-08:00,6,0
meta\main.js,154,js,285b1f38,Albab Neawz,2025-11-23,04:00:44,-08:00,2025-11-23T04:00:44-08:00,8,15
meta\main.js,155,js,285b1f38,Albab Neawz,2025-11-23,04:00:44,-08:00,2025-11-23T04:00:44-08:00,8,13
meta\main.js,156,js,285b1f38,Albab Neawz,2025-11-23,04:00:44,-08:00,2025-11-23T04:00:44-08:00,8,26
meta\main.js,157,js,285b1f38,Albab Neawz,2025-11-23,04:00:44,-08:00,2025-11-23T04:00:44-08:00,8,8
meta\main.js,158,js,285b1f38,Albab Neawz,2025-11-23,04:00:44,-08:00,2025-11-23T04:00:44-08:00,4,0
meta\main.js,159,js,285b1f38,Albab Neawz,2025-11-23,04:00:44,-08:00,2025-11-23T04:00:44-08:00,0,0
meta\main.js,160,js,285b1f38,Albab Neawz,2025-11-23,04:00:44,-08:00,2025-11-23T04:00:44-08:00,2,34
meta\main.js,161,js,285b1f38,Albab Neawz,2025-11-23,04:00:44,-08:00,2025-11-23T04:00:44-08:00,2,25
meta\main.js,162,js,285b1f38,Albab Neawz,2025-11-23,04:00:44,-08:00,2025-11-23T04:00:44-08:00,4,35
meta\main.js,163,js,285b1f38,Albab Neawz,2025-11-23,04:00:44,-08:00,2025-11-23T04:00:44-08:00,4,22
meta\main.js,164,js,285b1f38,Albab Neawz,2025-11-23,04:00:44,-08:00,2025-11-23T04:00:44-08:00,4,24
meta\main.js,165,js,285b1f38,Albab Neawz,2025-11-23,04:00:44,-08:00,2025-11-23T04:00:44-08:00,4,37
meta\main.js,166,js,285b1f38,Albab Neawz,2025-11-23,04:00:44,-08:00,2025-11-23T04:00:44-08:00,2,28
meta\main.js,167,js,285b1f38,Albab Neawz,2025-11-23,04:00:44,-08:00,2025-11-23T04:00:44-08:00,4,30
meta\main.js,168,js,285b1f38,Albab Neawz,2025-11-23,04:00:44,-08:00,2025-11-23T04:00:44-08:00,4,52
meta\main.js,169,js,285b1f38,Albab Neawz,2025-11-23,04:00:44,-08:00,2025-11-23T04:00:44-08:00,4,27
meta\main.js,170,js,285b1f38,Albab Neawz,2025-11-23,04:00:44,-08:00,2025-11-23T04:00:44-08:00,4,0
meta\main.js,171,js,285b1f38,Albab Neawz,2025-11-23,04:00:44,-08:00,2025-11-23T04:00:44-08:00,2,22
meta\main.js,172,js,285b1f38,Albab Neawz,2025-11-23,04:00:44,-08:00,2025-11-23T04:00:44-08:00,4,34
meta\main.js,173,js,285b1f38,Albab Neawz,2025-11-23,04:00:44,-08:00,2025-11-23T04:00:44-08:00,4,22
meta\main.js,174,js,285b1f38,Albab Neawz,2025-11-23,04:00:44,-08:00,2025-11-23T04:00:44-08:00,0,0
meta\main.js,175,js,285b1f38,Albab Neawz,2025-11-23,04:00:44,-08:00,2025-11-23T04:00:44-08:00,2,28
meta\main.js,176,js,285b1f38,Albab Neawz,2025-11-23,04:00:44,-08:00,2025-11-23T04:00:44-08:00,4,28
meta\main.js,177,js,285b1f38,Albab Neawz,2025-11-23,04:00:44,-08:00,2025-11-23T04:00:44-08:00,4,50
meta\main.js,178,js,285b1f38,Albab Neawz,2025-11-23,04:00:44,-08:00,2025-11-23T04:00:44-08:00,4,23
meta\main.js,179,js,285b1f38,Albab Neawz,2025-11-23,04:00:44,-08:00,2025-11-23T04:00:44-08:00,6,50
meta\main.js,180,js,285b1f38,Albab Neawz,2025-11-23,04:00:44,-08:00,2025-11-23T04:00:44-08:00,0,0
meta\main.js,181,js,285b1f38,Albab Neawz,2025-11-23,04:00:44,-08:00,2025-11-23T04:00:44-08:00,2,22
meta\main.js,182,js,285b1f38,Albab Neawz,2025-11-23,04:00:44,-08:00,2025-11-23T04:00:44-08:00,4,35
meta\main.js,183,js,285b1f38,Albab Neawz,2025-11-23,04:00:44,-08:00,2025-11-23T04:00:44-08:00,4,22
meta\main.js,184,js,285b1f38,Albab Neawz,2025-11-23,04:00:44,-08:00,2025-11-23T04:00:44-08:00,4,18
meta\main.js,185,js,285b1f38,Albab Neawz,2025-11-23,04:00:44,-08:00,2025-11-23T04:00:44-08:00,0,0
meta\main.js,186,js,285b1f38,Albab Neawz,2025-11-23,04:00:44,-08:00,2025-11-23T04:00:44-08:00,4,0
meta\main.js,187,js,285b1f38,Albab Neawz,2025-11-23,04:00:44,-08:00,2025-11-23T04:00:44-08:00,2,28
meta\main.js,188,js,285b1f38,Albab Neawz,2025-11-23,04:00:44,-08:00,2025-11-23T04:00:44-08:00,4,18
meta\main.js,189,js,285b1f38,Albab Neawz,2025-11-23,04:00:44,-08:00,2025-11-23T04:00:44-08:00,0,0
meta\main.js,190,js,285b1f38,Albab Neawz,2025-11-23,04:00:44,-08:00,2025-11-23T04:00:44-08:00,2,16
meta\main.js,191,js,285b1f38,Albab Neawz,2025-11-23,04:00:44,-08:00,2025-11-23T04:00:44-08:00,4,26
meta\main.js,192,js,285b1f38,Albab Neawz,2025-11-23,04:00:44,-08:00,2025-11-23T04:00:44-08:00,4,27
meta\main.js,193,js,285b1f38,Albab Neawz,2025-11-23,04:00:44,-08:00,2025-11-23T04:00:44-08:00,4,25
meta\main.js,194,js,285b1f38,Albab Neawz,2025-11-23,04:00:44,-08:00,2025-11-23T04:00:44-08:00,4,25
meta\main.js,195,js,285b1f38,Albab Neawz,2025-11-23,04:00:44,-08:00,2025-11-23T04:00:44-08:00,4,34
meta\main.js,196,js,285b1f38,Albab Neawz,2025-11-23,04:00:44,-08:00,2025-11-23T04:00:44-08:00,4,22
meta\main.js,197,js,285b1f38,Albab Neawz,2025-11-23,04:00:44,-08:00,2025-11-23T04:00:44-08:00,4,37
meta\main.js,198,js,285b1f38,Albab Neawz,2025-11-23,04:00:44,-08:00,2025-11-23T04:00:44-08:00,0,0
meta\main.js,199,js,285b1f38,Albab Neawz,2025-11-23,04:00:44,-08:00,2025-11-23T04:00:44-08:00,0,0
meta\main.js,200,js,285b1f38,Albab Neawz,2025-11-23,04:00:44,-08:00,2025-11-23T04:00:44-08:00,2,51
meta\main.js,201,js,285b1f38,Albab Neawz,2025-11-23,04:00:44,-08:00,2025-11-23T04:00:44-08:00,2,70
meta\main.js,202,js,285b1f38,Albab Neawz,2025-11-23,04:00:44,-08:00,2025-11-23T04:00:44-08:00,0,0
meta\main.js,203,js,285b1f38,Albab Neawz,2025-11-23,04:00:44,-08:00,2025-11-23T04:00:44-08:00,2,50
meta\main.js,204,js,285b1f38,Albab Neawz,2025-11-23,04:00:44,-08:00,2025-11-23T04:00:44-08:00,2,46
meta\main.js,205,js,285b1f38,Albab Neawz,2025-11-23,04:00:44,-08:00,2025-11-23T04:00:44-08:00,0,0
meta\main.js,206,js,285b1f38,Albab Neawz,2025-11-23,04:00:44,-08:00,2025-11-23T04:00:44-08:00,2,22
meta\main.js,207,js,285b1f38,Albab Neawz,2025-11-23,04:00:44,-08:00,2025-11-23T04:00:44-08:00,4,22
meta\main.js,208,js,285b1f38,Albab Neawz,2025-11-23,04:00:44,-08:00,2025-11-23T04:00:44-08:00,4,13
meta\main.js,209,js,285b1f38,Albab Neawz,2025-11-23,04:00:44,-08:00,2025-11-23T04:00:44-08:00,4,31
meta\main.js,210,js,285b1f38,Albab Neawz,2025-11-23,04:00:44,-08:00,2025-11-23T04:00:44-08:00,4,31
meta\main.js,211,js,285b1f38,Albab Neawz,2025-11-23,04:00:44,-08:00,2025-11-23T04:00:44-08:00,4,32
meta\main.js,212,js,285b1f38,Albab Neawz,2025-11-23,04:00:44,-08:00,2025-11-23T04:00:44-08:00,4,21
meta\main.js,213,js,285b1f38,Albab Neawz,2025-11-23,04:00:44,-08:00,2025-11-23T04:00:44-08:00,4,23
meta\main.js,214,js,285b1f38,Albab Neawz,2025-11-23,04:00:44,-08:00,2025-11-23T04:00:44-08:00,4,24
meta\main.js,215,js,285b1f38,Albab Neawz,2025-11-23,04:00:44,-08:00,2025-11-23T04:00:44-08:00,6,50
meta\main.js,216,js,285b1f38,Albab Neawz,2025-11-23,04:00:44,-08:00,2025-11-23T04:00:44-08:00,6,22
meta\main.js,217,js,285b1f38,Albab Neawz,2025-11-23,04:00:44,-08:00,2025-11-23T04:00:44-08:00,6,28
meta\main.js,218,js,285b1f38,Albab Neawz,2025-11-23,04:00:44,-08:00,2025-11-23T04:00:44-08:00,6,24
meta\main.js,219,js,285b1f38,Albab Neawz,2025-11-23,04:00:44,-08:00,2025-11-23T04:00:44-08:00,4,0
meta\main.js,220,js,285b1f38,Albab Neawz,2025-11-23,04:00:44,-08:00,2025-11-23T04:00:44-08:00,4,36
meta\main.js,221,js,285b1f38,Albab Neawz,2025-11-23,04:00:44,-08:00,2025-11-23T04:00:44-08:00,4,22
meta\main.js,222,js,285b1f38,Albab Neawz,2025-11-23,04:00:44,-08:00,2025-11-23T04:00:44-08:00,6,51
meta\main.js,223,js,285b1f38,Albab Neawz,2025-11-23,04:00:44,-08:00,2025-11-23T04:00:44-08:00,6,29
meta\main.js,224,js,285b1f38,Albab Neawz,2025-11-23,04:00:44,-08:00,2025-11-23T04:00:44-08:00,4,1
meta\main.js,225,js,285b1f38,Albab Neawz,2025-11-23,04:00:44,-08:00,2025-11-23T04:00:44-08:00,2,31
meta\main.js,226,js,285b1f38,Albab Neawz,2025-11-23,04:00:44,-08:00,2025-11-23T04:00:44-08:00,4,20
meta\main.js,227,js,285b1f38,Albab Neawz,2025-11-23,04:00:44,-08:00,2025-11-23T04:00:44-08:00,4,76
meta\main.js,228,js,285b1f38,Albab Neawz,2025-11-23,04:00:44,-08:00,2025-11-23T04:00:44-08:00,4,38
meta\main.js,229,js,285b1f38,Albab Neawz,2025-11-23,04:00:44,-08:00,2025-11-23T04:00:44-08:00,2,0
meta\main.js,230,js,285b1f38,Albab Neawz,2025-11-23,04:00:44,-08:00,2025-11-23T04:00:44-08:00,2,33
meta\main.js,231,js,285b1f38,Albab Neawz,2025-11-23,04:00:44,-08:00,2025-11-23T04:00:44-08:00,4,69
meta\main.js,232,js,285b1f38,Albab Neawz,2025-11-23,04:00:44,-08:00,2025-11-23T04:00:44-08:00,4,72
meta\main.js,233,js,285b1f38,Albab Neawz,2025-11-23,04:00:44,-08:00,2025-11-23T04:00:44-08:00,4,14
meta\main.js,234,js,285b1f38,Albab Neawz,2025-11-23,04:00:44,-08:00,2025-11-23T04:00:44-08:00,2,0
meta\main.js,235,js,285b1f38,Albab Neawz,2025-11-23,04:00:44,-08:00,2025-11-23T04:00:44-08:00,2,36
meta\main.js,236,js,285b1f38,Albab Neawz,2025-11-23,04:00:44,-08:00,2025-11-23T04:00:44-08:00,4,69
meta\main.js,237,js,285b1f38,Albab Neawz,2025-11-23,04:00:44,-08:00,2025-11-23T04:00:44-08:00,4,32
meta\main.js,238,js,285b1f38,Albab Neawz,2025-11-23,04:00:44,-08:00,2025-11-23T04:00:44-08:00,4,27
meta\main.js,239,js,285b1f38,Albab Neawz,2025-11-23,04:00:44,-08:00,2025-11-23T04:00:44-08:00,4,41
meta\main.js,240,js,285b1f38,Albab Neawz,2025-11-23,04:00:44,-08:00,2025-11-23T04:00:44-08:00,4,57
meta\main.js,241,js,285b1f38,Albab Neawz,2025-11-23,04:00:44,-08:00,2025-11-23T04:00:44-08:00,4,36
meta\main.js,242,js,285b1f38,Albab Neawz,2025-11-23,04:00:44,-08:00,2025-11-23T04:00:44-08:00,4,59
meta\main.js,243,js,285b1f38,Albab Neawz,2025-11-23,04:00:44,-08:00,2025-11-23T04:00:44-08:00,4,81
meta\main.js,244,js,285b1f38,Albab Neawz,2025-11-23,04:00:44,-08:00,2025-11-23T04:00:44-08:00,4,0
meta\main.js,245,js,285b1f38,Albab Neawz,2025-11-23,04:00:44,-08:00,2025-11-23T04:00:44-08:00,2,0
meta\main.js,246,js,285b1f38,Albab Neawz,2025-11-23,04:00:44,-08:00,2025-11-23T04:00:44-08:00,2,19
meta\main.js,247,js,285b1f38,Albab Neawz,2025-11-23,04:00:44,-08:00,2025-11-23T04:00:44-08:00,4,21
meta\main.js,248,js,285b1f38,Albab Neawz,2025-11-23,04:00:44,-08:00,2025-11-23T04:00:44-08:00,4,69
meta\main.js,249,js,285b1f38,Albab Neawz,2025-11-23,04:00:44,-08:00,2025-11-23T04:00:44-08:00,4,24
meta\main.js,250,js,285b1f38,Albab Neawz,2025-11-23,04:00:44,-08:00,2025-11-23T04:00:44-08:00,4,27
meta\main.js,251,js,285b1f38,Albab Neawz,2025-11-23,04:00:44,-08:00,2025-11-23T04:00:44-08:00,2,0
meta\main.js,252,js,285b1f38,Albab Neawz,2025-11-23,04:00:44,-08:00,2025-11-23T04:00:44-08:00,0,0
meta\main.js,253,js,285b1f38,Albab Neawz,2025-11-23,04:00:44,-08:00,2025-11-23T04:00:44-08:00,2,22
meta\main.js,254,js,285b1f38,Albab Neawz,2025-11-23,04:00:44,-08:00,2025-11-23T04:00:44-08:00,4,41
meta\main.js,255,js,285b1f38,Albab Neawz,2025-11-23,04:00:44,-08:00,2025-11-23T04:00:44-08:00,6,37
meta\main.js,256,js,285b1f38,Albab Neawz,2025-11-23,04:00:44,-08:00,2025-11-23T04:00:44-08:00,4,30
meta\main.js,257,js,285b1f38,Albab Neawz,2025-11-23,04:00:44,-08:00,2025-11-23T04:00:44-08:00,2,0
meta\main.js,258,js,285b1f38,Albab Neawz,2025-11-23,04:00:44,-08:00,2025-11-23T04:00:44-08:00,2,13
meta\main.js,259,js,285b1f38,Albab Neawz,2025-11-23,04:00:44,-08:00,2025-11-23T04:00:44-08:00,6,21
meta\main.js,260,js,285b1f38,Albab Neawz,2025-11-23,04:00:44,-08:00,2025-11-23T04:00:44-08:00,6,10
meta\main.js,261,js,285b1f38,Albab Neawz,2025-11-23,04:00:44,-08:00,2025-11-23T04:00:44-08:00,0,0
meta\main.js,262,js,285b1f38,Albab Neawz,2025-11-23,04:00:44,-08:00,2025-11-23T04:00:44-08:00,2,43
meta\main.js,263,js,285b1f38,Albab Neawz,2025-11-23,04:00:44,-08:00,2025-11-23T04:00:44-08:00,4,0
meta\main.js,264,js,6d7ddf3b,Albab Neawz,2025-11-23,01:32:32,-08:00,2025-11-23T01:32:32-08:00,0,0
meta\main.js,265,js,6d7ddf3b,Albab Neawz,2025-11-23,01:32:32,-08:00,2025-11-23T01:32:32-08:00,0,0
meta\main.js,266,js,6d7ddf3b,Albab Neawz,2025-11-23,01:32:32,-08:00,2025-11-23T01:32:32-08:00,0,0
meta\main.js,267,js,285b1f38,Albab Neawz,2025-11-23,04:00:44,-08:00,2025-11-23T04:00:44-08:00,0,41
meta\main.js,268,js,285b1f38,Albab Neawz,2025-11-23,04:00:44,-08:00,2025-11-23T04:00:44-08:00,2,44
meta\main.js,269,js,285b1f38,Albab Neawz,2025-11-23,04:00:44,-08:00,2025-11-23T04:00:44-08:00,2,22
meta\main.js,270,js,285b1f38,Albab Neawz,2025-11-23,04:00:44,-08:00,2025-11-23T04:00:44-08:00,0,0
meta\main.js,271,js,285b1f38,Albab Neawz,2025-11-23,04:00:44,-08:00,2025-11-23T04:00:44-08:00,2,59
meta\main.js,272,js,285b1f38,Albab Neawz,2025-11-23,04:00:44,-08:00,2025-11-23T04:00:44-08:00,0,0
meta\main.js,273,js,285b1f38,Albab Neawz,2025-11-23,04:00:44,-08:00,2025-11-23T04:00:44-08:00,2,60
meta\main.js,274,js,285b1f38,Albab Neawz,2025-11-23,04:00:44,-08:00,2025-11-23T04:00:44-08:00,2,74
meta\main.js,275,js,285b1f38,Albab Neawz,2025-11-23,04:00:44,-08:00,2025-11-23T04:00:44-08:00,4,0
meta\main.js,276,js,285b1f38,Albab Neawz,2025-11-23,04:00:44,-08:00,2025-11-23T04:00:44-08:00,2,34
meta\main.js,277,js,285b1f38,Albab Neawz,2025-11-23,04:00:44,-08:00,2025-11-23T04:00:44-08:00,2,36
meta\main.js,278,js,285b1f38,Albab Neawz,2025-11-23,04:00:44,-08:00,2025-11-23T04:00:44-08:00,2,17
meta\main.js,279,js,285b1f38,Albab Neawz,2025-11-23,04:00:44,-08:00,2025-11-23T04:00:44-08:00,0,0
meta\main.js,280,js,285b1f38,Albab Neawz,2025-11-23,04:00:44,-08:00,2025-11-23T04:00:44-08:00,2,57
meta\main.js,281,js,285b1f38,Albab Neawz,2025-11-23,04:00:44,-08:00,2025-11-23T04:00:44-08:00,2,32
meta\main.js,282,js,285b1f38,Albab Neawz,2025-11-23,04:00:44,-08:00,2025-11-23T04:00:44-08:00,0,0
meta\main.js,283,js,285b1f38,Albab Neawz,2025-11-23,04:00:44,-08:00,2025-11-23T04:00:44-08:00,2,22
meta\main.js,284,js,285b1f38,Albab Neawz,2025-11-23,04:00:44,-08:00,2025-11-23T04:00:44-08:00,4,22
meta\main.js,285,js,285b1f38,Albab Neawz,2025-11-23,04:00:44,-08:00,2025-11-23T04:00:44-08:00,4,13
meta\main.js,286,js,285b1f38,Albab Neawz,2025-11-23,04:00:44,-08:00,2025-11-23T04:00:44-08:00,4,34
meta\main.js,287,js,285b1f38,Albab Neawz,2025-11-23,04:00:44,-08:00,2025-11-23T04:00:44-08:00,4,34
meta\main.js,288,js,285b1f38,Albab Neawz,2025-11-23,04:00:44,-08:00,2025-11-23T04:00:44-08:00,4,35
meta\main.js,289,js,285b1f38,Albab Neawz,2025-11-23,04:00:44,-08:00,2025-11-23T04:00:44-08:00,4,22
meta\main.js,290,js,285b1f38,Albab Neawz,2025-11-23,04:00:44,-08:00,2025-11-23T04:00:44-08:00,4,24
meta\main.js,291,js,285b1f38,Albab Neawz,2025-11-23,04:00:44,-08:00,2025-11-23T04:00:44-08:00,4,28
meta\main.js,292,js,285b1f38,Albab Neawz,2025-11-23,04:00:44,-08:00,2025-11-23T04:00:44-08:00,6,51
meta\main.js,293,js,285b1f38,Albab Neawz,2025-11-23,04:00:44,-08:00,2025-11-23T04:00:44-08:00,6,22
meta\main.js,294,js,285b1f38,Albab Neawz,2025-11-23,04:00:44,-08:00,2025-11-23T04:00:44-08:00,6,28
meta\main.js,295,js,285b1f38,Albab Neawz,2025-11-23,04:00:44,-08:00,2025-11-23T04:00:44-08:00,6,24
meta\main.js,296,js,285b1f38,Albab Neawz,2025-11-23,04:00:44,-08:00,2025-11-23T04:00:44-08:00,4,0
meta\main.js,297,js,285b1f38,Albab Neawz,2025-11-23,04:00:44,-08:00,2025-11-23T04:00:44-08:00,4,37
meta\main.js,298,js,285b1f38,Albab Neawz,2025-11-23,04:00:44,-08:00,2025-11-23T04:00:44-08:00,4,25
meta\main.js,299,js,285b1f38,Albab Neawz,2025-11-23,04:00:44,-08:00,2025-11-23T04:00:44-08:00,6,52
meta\main.js,300,js,285b1f38,Albab Neawz,2025-11-23,04:00:44,-08:00,2025-11-23T04:00:44-08:00,6,29
meta\main.js,301,js,285b1f38,Albab Neawz,2025-11-23,04:00:44,-08:00,2025-11-23T04:00:44-08:00,4,1
meta\main.js,302,js,285b1f38,Albab Neawz,2025-11-23,04:00:44,-08:00,2025-11-23T04:00:44-08:00,0,0
meta\main.js,303,js,285b1f38,Albab Neawz,2025-11-23,04:00:44,-08:00,2025-11-23T04:00:44-08:00,0,0
meta\main.js,304,js,d4e81569,Albab Neawz,2025-11-23,01:41:30,-08:00,2025-11-23T01:41:30-08:00,0,0
meta\main.js,305,js,285b1f38,Albab Neawz,2025-11-23,04:00:44,-08:00,2025-11-23T04:00:44-08:00,0,0
meta\main.js,306,js,d4e81569,Albab Neawz,2025-11-23,01:41:30,-08:00,2025-11-23T01:41:30-08:00,0,0
meta\main.js,307,js,d4e81569,Albab Neawz,2025-11-23,01:41:30,-08:00,2025-11-23T01:41:30-08:00,0,0
meta\main.js,308,js,285b1f38,Albab Neawz,2025-11-23,04:00:44,-08:00,2025-11-23T04:00:44-08:00,0,43
meta\main.js,309,js,392c6b7b,Albab Neawz,2025-11-23,01:03:35,-08:00,2025-11-23T01:03:35-08:00,0,0
meta\main.js,310,js,285b1f38,Albab Neawz,2025-11-23,04:00:44,-08:00,2025-11-23T04:00:44-08:00,2,50
meta\main.js,311,js,285b1f38,Albab Neawz,2025-11-23,04:00:44,-08:00,2025-11-23T04:00:44-08:00,0,0
meta\main.js,312,js,285b1f38,Albab Neawz,2025-11-23,04:00:44,-08:00,2025-11-23T04:00:44-08:00,2,14
meta\main.js,313,js,285b1f38,Albab Neawz,2025-11-23,04:00:44,-08:00,2025-11-23T04:00:44-08:00,4,25
meta\main.js,314,js,285b1f38,Albab Neawz,2025-11-23,04:00:44,-08:00,2025-11-23T04:00:44-08:00,4,40
meta\main.js,315,js,285b1f38,Albab Neawz,2025-11-23,04:00:44,-08:00,2025-11-23T04:00:44-08:00,4,47
meta\main.js,316,js,285b1f38,Albab Neawz,2025-11-23,04:00:44,-08:00,2025-11-23T04:00:44-08:00,0,0
meta\main.js,317,js,285b1f38,Albab Neawz,2025-11-23,04:00:44,-08:00,2025-11-23T04:00:44-08:00,4,0
meta\main.js,318,js,285b1f38,Albab Neawz,2025-11-23,04:00:44,-08:00,2025-11-23T04:00:44-08:00,2,23
meta\main.js,319,js,285b1f38,Albab Neawz,2025-11-23,04:00:44,-08:00,2025-11-23T04:00:44-08:00,4,15
meta\main.js,320,js,285b1f38,Albab Neawz,2025-11-23,04:00:44,-08:00,2025-11-23T04:00:44-08:00,4,15
meta\main.js,321,js,285b1f38,Albab Neawz,2025-11-23,04:00:44,-08:00,2025-11-23T04:00:44-08:00,4,23
meta\main.js,322,js,285b1f38,Albab Neawz,2025-11-23,04:00:44,-08:00,2025-11-23T04:00:44-08:00,4,4
meta\main.js,323,js,285b1f38,Albab Neawz,2025-11-23,04:00:44,-08:00,2025-11-23T04:00:44-08:00,6,6
meta\main.js,324,js,285b1f38,Albab Neawz,2025-11-23,04:00:44,-08:00,2025-11-23T04:00:44-08:00,8,31
meta\main.js,325,js,285b1f38,Albab Neawz,2025-11-23,04:00:44,-08:00,2025-11-23T04:00:44-08:00,10,30
meta\main.js,326,js,285b1f38,Albab Neawz,2025-11-23,04:00:44,-08:00,2025-11-23T04:00:44-08:00,10,15
meta\main.js,327,js,285b1f38,Albab Neawz,2025-11-23,04:00:44,-08:00,2025-11-23T04:00:44-08:00,8,0
meta\main.js,328,js,285b1f38,Albab Neawz,2025-11-23,04:00:44,-08:00,2025-11-23T04:00:44-08:00,6,0
meta\main.js,329,js,285b1f38,Albab Neawz,2025-11-23,04:00:44,-08:00,2025-11-23T04:00:44-08:00,2,12
meta\main.js,330,js,285b1f38,Albab Neawz,2025-11-23,04:00:44,-08:00,2025-11-23T04:00:44-08:00,4,11
meta\main.js,331,js,285b1f38,Albab Neawz,2025-11-23,04:00:44,-08:00,2025-11-23T04:00:44-08:00,4,10
meta\main.js,332,js,285b1f38,Albab Neawz,2025-11-23,04:00:44,-08:00,2025-11-23T04:00:44-08:00,6,20
meta\main.js,333,js,285b1f38,Albab Neawz,2025-11-23,04:00:44,-08:00,2025-11-23T04:00:44-08:00,6,36
meta\main.js,334,js,285b1f38,Albab Neawz,2025-11-23,04:00:44,-08:00,2025-11-23T04:00:44-08:00,4,1
meta\main.js,335,js,285b1f38,Albab Neawz,2025-11-23,04:00:44,-08:00,2025-11-23T04:00:44-08:00,2,12
meta\main.js,336,js,285b1f38,Albab Neawz,2025-11-23,04:00:44,-08:00,2025-11-23T04:00:44-08:00,4,11
meta\main.js,337,js,285b1f38,Albab Neawz,2025-11-23,04:00:44,-08:00,2025-11-23T04:00:44-08:00,4,15
meta\main.js,338,js,285b1f38,Albab Neawz,2025-11-23,04:00:44,-08:00,2025-11-23T04:00:44-08:00,4,17
meta\main.js,339,js,285b1f38,Albab Neawz,2025-11-23,04:00:44,-08:00,2025-11-23T04:00:44-08:00,4,10
meta\main.js,340,js,285b1f38,Albab Neawz,2025-11-23,04:00:44,-08:00,2025-11-23T04:00:44-08:00,4,19
meta\main.js,341,js,285b1f38,Albab Neawz,2025-11-23,04:00:44,-08:00,2025-11-23T04:00:44-08:00,4,46
meta\main.js,342,js,285b1f38,Albab Neawz,2025-11-23,04:00:44,-08:00,2025-11-23T04:00:44-08:00,0,0
meta\main.js,343,js,392c6b7b,Albab Neawz,2025-11-23,01:03:35,-08:00,2025-11-23T01:03:35-08:00,0,0
meta\main.js,344,js,285b1f38,Albab Neawz,2025-11-23,04:00:44,-08:00,2025-11-23T04:00:44-08:00,0,43
meta\main.js,345,js,285b1f38,Albab Neawz,2025-11-23,04:00:44,-08:00,2025-11-23T04:00:44-08:00,0,40
meta\main.js,346,js,285b1f38,Albab Neawz,2025-11-23,04:00:44,-08:00,2025-11-23T04:00:44-08:00,0,16
meta\main.js,347,js,285b1f38,Albab Neawz,2025-11-23,04:00:44,-08:00,2025-11-23T04:00:44-08:00,2,32
meta\main.js,348,js,285b1f38,Albab Neawz,2025-11-23,04:00:44,-08:00,2025-11-23T04:00:44-08:00,2,33
meta\main.js,349,js,285b1f38,Albab Neawz,2025-11-23,04:00:44,-08:00,2025-11-23T04:00:44-08:00,0,0
meta\main.js,350,js,aab8af73,Albab Neawz,2025-11-23,01:45:47,-08:00,2025-11-23T01:45:47-08:00,0,0
meta\main.js,351,js,aab8af73,Albab Neawz,2025-11-23,01:45:47,-08:00,2025-11-23T01:45:47-08:00,0,0
meta\main.js,352,js,285b1f38,Albab Neawz,2025-11-23,04:00:44,-08:00,2025-11-23T04:00:44-08:00,0,28
meta\main.js,353,js,285b1f38,Albab Neawz,2025-11-23,04:00:44,-08:00,2025-11-23T04:00:44-08:00,0,35
meta\main.js,354,js,285b1f38,Albab Neawz,2025-11-23,04:00:44,-08:00,2025-11-23T04:00:44-08:00,0,19
meta\main.js,355,js,285b1f38,Albab Neawz,2025-11-23,04:00:44,-08:00,2025-11-23T04:00:44-08:00,0,0
meta\main.js,356,js,285b1f38,Albab Neawz,2025-11-23,04:00:44,-08:00,2025-11-23T04:00:44-08:00,0,35
meta\main.js,357,js,285b1f38,Albab Neawz,2025-11-23,04:00:44,-08:00,2025-11-23T04:00:44-08:00,0,0
meta\main.js,358,js,285b1f38,Albab Neawz,2025-11-23,04:00:44,-08:00,2025-11-23T04:00:44-08:00,0,30
meta\main.js,359,js,285b1f38,Albab Neawz,2025-11-23,04:00:44,-08:00,2025-11-23T04:00:44-08:00,0,34
meta\main.js,360,js,285b1f38,Albab Neawz,2025-11-23,04:00:44,-08:00,2025-11-23T04:00:44-08:00,0,54
meta\main.js,361,js,285b1f38,Albab Neawz,2025-11-23,04:00:44,-08:00,2025-11-23T04:00:44-08:00,0,39
meta\main.js,362,js,285b1f38,Albab Neawz,2025-11-23,04:00:44,-08:00,2025-11-23T04:00:44-08:00,0,33
meta\main.js,363,js,285b1f38,Albab Neawz,2025-11-23,04:00:44,-08:00,2025-11-23T04:00:44-08:00,0,0
meta\main.js,364,js,285b1f38,Albab Neawz,2025-11-23,04:00:44,-08:00,2025-11-23T04:00:44-08:00,0,0
meta\main.js,365,js,285b1f38,Albab Neawz,2025-11-23,04:00:44,-08:00,2025-11-23T04:00:44-08:00,0,0
meta\main.js,366,js,285b1f38,Albab Neawz,2025-11-23,04:00:44,-08:00,2025-11-23T04:00:44-08:00,0,27
meta\main.js,367,js,285b1f38,Albab Neawz,2025-11-23,04:00:44,-08:00,2025-11-23T04:00:44-08:00,2,1
meta\main.js,368,js,285b1f38,Albab Neawz,2025-11-23,04:00:44,-08:00,2025-11-23T04:00:44-08:00,4,44
meta\main.js,369,js,285b1f38,Albab Neawz,2025-11-23,04:00:44,-08:00,2025-11-23T04:00:44-08:00,6,16
meta\main.js,370,js,285b1f38,Albab Neawz,2025-11-23,04:00:44,-08:00,2025-11-23T04:00:44-08:00,6,17
meta\main.js,371,js,285b1f38,Albab Neawz,2025-11-23,04:00:44,-08:00,2025-11-23T04:00:44-08:00,4,11
meta\main.js,372,js,285b1f38,Albab Neawz,2025-11-23,04:00:44,-08:00,2025-11-23T04:00:44-08:00,4,66
meta\main.js,373,js,285b1f38,Albab Neawz,2025-11-23,04:00:44,-08:00,2025-11-23T04:00:44-08:00,4,60
meta\main.js,374,js,285b1f38,Albab Neawz,2025-11-23,04:00:44,-08:00,2025-11-23T04:00:44-08:00,4,3
meta\main.js,375,js,285b1f38,Albab Neawz,2025-11-23,04:00:44,-08:00,2025-11-23T04:00:44-08:00,2,2
meta\main.js,376,js,285b1f38,Albab Neawz,2025-11-23,04:00:44,-08:00,2025-11-23T04:00:44-08:00,2,1
meta\main.js,377,js,285b1f38,Albab Neawz,2025-11-23,04:00:44,-08:00,2025-11-23T04:00:44-08:00,4,52
meta\main.js,378,js,285b1f38,Albab Neawz,2025-11-23,04:00:44,-08:00,2025-11-23T04:00:44-08:00,4,8
meta\main.js,379,js,285b1f38,Albab Neawz,2025-11-23,04:00:44,-08:00,2025-11-23T04:00:44-08:00,6,9
meta\main.js,380,js,285b1f38,Albab Neawz,2025-11-23,04:00:44,-08:00,2025-11-23T04:00:44-08:00,8,6
meta\main.js,381,js,285b1f38,Albab Neawz,2025-11-23,04:00:44,-08:00,2025-11-23T04:00:44-08:00,8,12
meta\main.js,382,js,285b1f38,Albab Neawz,2025-11-23,04:00:44,-08:00,2025-11-23T04:00:44-08:00,8,10
meta\main.js,383,js,285b1f38,Albab Neawz,2025-11-23,04:00:44,-08:00,2025-11-23T04:00:44-08:00,6,6
meta\main.js,384,js,285b1f38,Albab Neawz,2025-11-23,04:00:44,-08:00,2025-11-23T04:00:44-08:00,4,15
meta\main.js,385,js,285b1f38,Albab Neawz,2025-11-23,04:00:44,-08:00,2025-11-23T04:00:44-08:00,2,2
meta\main.js,386,js,285b1f38,Albab Neawz,2025-11-23,04:00:44,-08:00,2025-11-23T04:00:44-08:00,0,0
meta\main.js,387,js,aab8af73,Albab Neawz,2025-11-23,01:45:47,-08:00,2025-11-23T01:45:47-08:00,0,0
meta\main.js,388,js,aab8af73,Albab Neawz,2025-11-23,01:45:47,-08:00,2025-11-23T01:45:47-08:00,0,25
meta\main.js,389,js,285b1f38,Albab Neawz,2025-11-23,04:00:44,-08:00,2025-11-23T04:00:44-08:00,2,17
meta\main.js,390,js,285b1f38,Albab Neawz,2025-11-23,04:00:44,-08:00,2025-11-23T04:00:44-08:00,2,12
meta\main.js,391,js,285b1f38,Albab Neawz,2025-11-23,04:00:44,-08:00,2025-11-23T04:00:44-08:00,2,10
meta\main.js,392,js,285b1f38,Albab Neawz,2025-11-23,04:00:44,-08:00,2025-11-23T04:00:44-08:00,2,20
meta\main.js,393,js,285b1f38,Albab Neawz,2025-11-23,04:00:44,-08:00,2025-11-23T04:00:44-08:00,2,15
meta\main.js,394,js,285b1f38,Albab Neawz,2025-11-23,04:00:44,-08:00,2025-11-23T04:00:44-08:00,0,0
meta\main.js,395,js,285b1f38,Albab Neawz,2025-11-23,04:00:44,-08:00,2025-11-23T04:00:44-08:00,0,22
meta\main.js,396,js,285b1f38,Albab Neawz,2025-11-23,04:00:44,-08:00,2025-11-23T04:00:44-08:00,2,17
meta\main.js,397,js,285b1f38,Albab Neawz,2025-11-23,04:00:44,-08:00,2025-11-23T04:00:44-08:00,2,12
meta\main.js,398,js,285b1f38,Albab Neawz,2025-11-23,04:00:44,-08:00,2025-11-23T04:00:44-08:00,2,10
meta\main.js,399,js,285b1f38,Albab Neawz,2025-11-23,04:00:44,-08:00,2025-11-23T04:00:44-08:00,2,20
meta\main.js,400,js,285b1f38,Albab Neawz,2025-11-23,04:00:44,-08:00,2025-11-23T04:00:44-08:00,2,15
meta\main.js,401,js,285b1f38,Albab Neawz,2025-11-23,04:00:44,-08:00,2025-11-23T04:00:44-08:00,0,0
meta\main.js,402,js,285b1f38,Albab Neawz,2025-11-23,04:00:44,-08:00,2025-11-23T04:00:44-08:00,0,0
meta\main.js,403,js,285b1f38,Albab Neawz,2025-11-23,04:00:44,-08:00,2025-11-23T04:00:44-08:00,0,0
meta\main.js,404,js,285b1f38,Albab Neawz,2025-11-23,04:00:44,-08:00,2025-11-23T04:00:44-08:00,0,38
meta\main.js,405,js,285b1f38,Albab Neawz,2025-11-23,04:00:44,-08:00,2025-11-23T04:00:44-08:00,2,39
meta\main.js,406,js,285b1f38,Albab Neawz,2025-11-23,04:00:44,-08:00,2025-11-23T04:00:44-08:00,2,21
meta\main.js,407,js,285b1f38,Albab Neawz,2025-11-23,04:00:44,-08:00,2025-11-23T04:00:44-08:00,0,0
meta\main.js,408,js,285b1f38,Albab Neawz,2025-11-23,04:00:44,-08:00,2025-11-23T04:00:44-08:00,2,39
meta\main.js,409,js,285b1f38,Albab Neawz,2025-11-23,04:00:44,-08:00,2025-11-23T04:00:44-08:00,2,0
meta\main.js,410,js,285b1f38,Albab Neawz,2025-11-23,04:00:44,-08:00,2025-11-23T04:00:44-08:00,0,0
meta\main.js,411,js,285b1f38,Albab Neawz,2025-11-23,04:00:44,-08:00,2025-11-23T04:00:44-08:00,0,0
meta\main.js,412,js,285b1f38,Albab Neawz,2025-11-23,04:00:44,-08:00,2025-11-23T04:00:44-08:00,0,36
meta\main.js,413,js,285b1f38,Albab Neawz,2025-11-23,04:00:44,-08:00,2025-11-23T04:00:44-08:00,2,39
meta\main.js,414,js,285b1f38,Albab Neawz,2025-11-23,04:00:44,-08:00,2025-11-23T04:00:44-08:00,2,22
meta\main.js,415,js,aab8af73,Albab Neawz,2025-11-23,01:45:47,-08:00,2025-11-23T01:45:47-08:00,0,0
meta\main.js,416,js,aab8af73,Albab Neawz,2025-11-23,01:45:47,-08:00,2025-11-23T01:45:47-08:00,0,0
meta\main.js,417,js,285b1f38,Albab Neawz,2025-11-23,04:00:44,-08:00,2025-11-23T04:00:44-08:00,0,0
meta\main.js,418,js,285b1f38,Albab Neawz,2025-11-23,04:00:44,-08:00,2025-11-23T04:00:44-08:00,0,28
meta\main.js,419,js,285b1f38,Albab Neawz,2025-11-23,04:00:44,-08:00,2025-11-23T04:00:44-08:00,0,7
meta\main.js,420,js,285b1f38,Albab Neawz,2025-11-23,04:00:44,-08:00,2025-11-23T04:00:44-08:00,2,6
meta\main.js,421,js,285b1f38,Albab Neawz,2025-11-23,04:00:44,-08:00,2025-11-23T04:00:44-08:00,4,22
meta\main.js,422,js,285b1f38,Albab Neawz,2025-11-23,04:00:44,-08:00,2025-11-23T04:00:44-08:00,4,23
meta\main.js,423,js,285b1f38,Albab Neawz,2025-11-23,04:00:44,-08:00,2025-11-23T04:00:44-08:00,4,10
meta\main.js,424,js,285b1f38,Albab Neawz,2025-11-23,04:00:44,-08:00,2025-11-23T04:00:44-08:00,2,0
meta\main.js,425,js,285b1f38,Albab Neawz,2025-11-23,04:00:44,-08:00,2025-11-23T04:00:44-08:00,2,31
meta\main.js,426,js,285b1f38,Albab Neawz,2025-11-23,04:00:44,-08:00,2025-11-23T04:00:44-08:00,0,0
meta\main.js,427,js,285b1f38,Albab Neawz,2025-11-23,04:00:44,-08:00,2025-11-23T04:00:44-08:00,0,28
meta\main.js,428,js,285b1f38,Albab Neawz,2025-11-23,04:00:44,-08:00,2025-11-23T04:00:44-08:00,0,7
meta\main.js,429,js,285b1f38,Albab Neawz,2025-11-23,04:00:44,-08:00,2025-11-23T04:00:44-08:00,2,6
meta\main.js,430,js,285b1f38,Albab Neawz,2025-11-23,04:00:44,-08:00,2025-11-23T04:00:44-08:00,4,22
meta\main.js,431,js,285b1f38,Albab Neawz,2025-11-23,04:00:44,-08:00,2025-11-23T04:00:44-08:00,4,23
meta\main.js,432,js,285b1f38,Albab Neawz,2025-11-23,04:00:44,-08:00,2025-11-23T04:00:44-08:00,4,10
meta\main.js,433,js,285b1f38,Albab Neawz,2025-11-23,04:00:44,-08:00,2025-11-23T04:00:44-08:00,2,0
meta\main.js,434,js,285b1f38,Albab Neawz,2025-11-23,04:00:44,-08:00,2025-11-23T04:00:44-08:00,2,29
meta\main.js,435,js,285b1f38,Albab Neawz,2025-11-23,04:00:44,-08:00,2025-11-23T04:00:44-08:00,2,0
meta\index.html,1,html,64b87859,Albab Neawz,2025-11-09,20:00:25,-08:00,2025-11-09T20:00:25-08:00,0,13
meta\index.html,2,html,64b87859,Albab Neawz,2025-11-09,20:00:25,-08:00,2025-11-09T20:00:25-08:00,0,14
meta\index.html,3,html,64b87859,Albab Neawz,2025-11-09,20:00:25,-08:00,2025-11-09T20:00:25-08:00,0,4
meta\index.html,4,html,285b1f38,Albab Neawz,2025-11-23,04:00:44,-08:00,2025-11-23T04:00:44-08:00,2,20
meta\index.html,5,html,285b1f38,Albab Neawz,2025-11-23,04:00:44,-08:00,2025-11-23T04:00:44-08:00,2,30
meta\index.html,6,html,285b1f38,Albab Neawz,2025-11-23,04:00:44,-08:00,2025-11-23T04:00:44-08:00,2,68
meta\index.html,7,html,285b1f38,Albab Neawz,2025-11-23,04:00:44,-08:00,2025-11-23T04:00:44-08:00,2,42
meta\index.html,8,html,285b1f38,Albab Neawz,2025-11-23,04:00:44,-08:00,2025-11-23T04:00:44-08:00,2,5
meta\index.html,9,html,285b1f38,Albab Neawz,2025-11-23,04:00:44,-08:00,2025-11-23T04:00:44-08:00,0,0
meta\index.html,10,html,285b1f38,Albab Neawz,2025-11-23,04:00:44,-08:00,2025-11-23T04:00:44-08:00,4,58
meta\index.html,11,html,285b1f38,Albab Neawz,2025-11-23,04:00:44,-08:00,2025-11-23T04:00:44-08:00,4,17
meta\index.html,12,html,285b1f38,Albab Neawz,2025-11-23,04:00:44,-08:00,2025-11-23T04:00:44-08:00,6,19
meta\index.html,13,html,285b1f38,Albab Neawz,2025-11-23,04:00:44,-08:00,2025-11-23T04:00:44-08:00,6,15
meta\index.html,14,html,285b1f38,Albab Neawz,2025-11-23,04:00:44,-08:00,2025-11-23T04:00:44-08:00,6,34
meta\index.html,15,html,285b1f38,Albab Neawz,2025-11-23,04:00:44,-08:00,2025-11-23T04:00:44-08:00,6,15
meta\index.html,16,html,285b1f38,Albab Neawz,2025-11-23,04:00:44,-08:00,2025-11-23T04:00:44-08:00,6,18
meta\index.html,17,html,285b1f38,Albab Neawz,2025-11-23,04:00:44,-08:00,2025-11-23T04:00:44-08:00,6,31
meta\index.html,18,html,285b1f38,Albab Neawz,2025-11-23,04:00:44,-08:00,2025-11-23T04:00:44-08:00,6,20
meta\index.html,19,html,285b1f38,Albab Neawz,2025-11-23,04:00:44,-08:00,2025-11-23T04:00:44-08:00,6,22
meta\index.html,20,html,285b1f38,Albab Neawz,2025-11-23,04:00:44,-08:00,2025-11-23T04:00:44-08:00,4,0
meta\index.html,21,html,285b1f38,Albab Neawz,2025-11-23,04:00:44,-08:00,2025-11-23T04:00:44-08:00,0,0
meta\index.html,22,html,285b1f38,Albab Neawz,2025-11-23,04:00:44,-08:00,2025-11-23T04:00:44-08:00,0,0
meta\index.html,23,html,285b1f38,Albab Neawz,2025-11-23,04:00:44,-08:00,2025-11-23T04:00:44-08:00,4,86
meta\index.html,24,html,285b1f38,Albab Neawz,2025-11-23,04:00:44,-08:00,2025-11-23T04:00:44-08:00,4,39
meta\index.html,25,html,285b1f38,Albab Neawz,2025-11-23,04:00:44,-08:00,2025-11-23T04:00:44-08:00,0,0
meta\index.html,26,html,285b1f38,Albab Neawz,2025-11-23,04:00:44,-08:00,2025-11-23T04:00:44-08:00,4,40
meta\index.html,27,html,285b1f38,Albab Neawz,2025-11-23,04:00:44,-08:00,2025-11-23T04:00:44-08:00,4,35
meta\index.html,28,html,285b1f38,Albab Neawz,2025-11-23,04:00:44,-08:00,2025-11-23T04:00:44-08:00,0,0
meta\index.html,29,html,285b1f38,Albab Neawz,2025-11-23,04:00:44,-08:00,2025-11-23T04:00:44-08:00,4,6
meta\index.html,30,html,285b1f38,Albab Neawz,2025-11-23,04:00:44,-08:00,2025-11-23T04:00:44-08:00,6,67
meta\index.html,31,html,285b1f38,Albab Neawz,2025-11-23,04:00:44,-08:00,2025-11-23T04:00:44-08:00,6,80
meta\index.html,32,html,285b1f38,Albab Neawz,2025-11-23,04:00:44,-08:00,2025-11-23T04:00:44-08:00,6,69
meta\index.html,33,html,285b1f38,Albab Neawz,2025-11-23,04:00:44,-08:00,2025-11-23T04:00:44-08:00,6,36
meta\index.html,34,html,285b1f38,Albab Neawz,2025-11-23,04:00:44,-08:00,2025-11-23T04:00:44-08:00,4,0
meta\index.html,35,html,285b1f38,Albab Neawz,2025-11-23,04:00:44,-08:00,2025-11-23T04:00:44-08:00,4,39
meta\index.html,36,html,285b1f38,Albab Neawz,2025-11-23,04:00:44,-08:00,2025-11-23T04:00:44-08:00,4,51
meta\index.html,37,html,285b1f38,Albab Neawz,2025-11-23,04:00:44,-08:00,2025-11-23T04:00:44-08:00,0,0
meta\index.html,38,html,285b1f38,Albab Neawz,2025-11-23,04:00:44,-08:00,2025-11-23T04:00:44-08:00,4,48
meta\index.html,39,html,285b1f38,Albab Neawz,2025-11-23,04:00:44,-08:00,2025-11-23T04:00:44-08:00,4,118
meta\index.html,40,html,285b1f38,Albab Neawz,2025-11-23,04:00:44,-08:00,2025-11-23T04:00:44-08:00,4,0
meta\index.html,41,html,285b1f38,Albab Neawz,2025-11-23,04:00:44,-08:00,2025-11-23T04:00:44-08:00,2,6
meta\index.html,42,html,64b87859,Albab Neawz,2025-11-09,20:00:25,-08:00,2025-11-09T20:00:25-08:00,0,5
meta\index.html,43,html,64b87859,Albab Neawz,2025-11-09,20:00:25,-08:00,2025-11-09T20:00:25-08:00,0,4
meta\index.html,44,html,285b1f38,Albab Neawz,2025-11-23,04:00:44,-08:00,2025-11-23T04:00:44-08:00,2,13
meta\index.html,45,html,285b1f38,Albab Neawz,2025-11-23,04:00:44,-08:00,2025-11-23T04:00:44-08:00,4,6
meta\index.html,46,html,285b1f38,Albab Neawz,2025-11-23,04:00:44,-08:00,2025-11-23T04:00:44-08:00,6,11
meta\index.html,47,html,285b1f38,Albab Neawz,2025-11-23,04:00:44,-08:00,2025-11-23T04:00:44-08:00,4,7
meta\index.html,48,html,285b1f38,Albab Neawz,2025-11-23,04:00:44,-08:00,2025-11-23T04:00:44-08:00,0,0
meta\index.html,49,html,285b1f38,Albab Neawz,2025-11-23,04:00:44,-08:00,2025-11-23T04:00:44-08:00,4,20
meta\index.html,50,html,285b1f38,Albab Neawz,2025-11-23,04:00:44,-08:00,2025-11-23T04:00:44-08:00,4,20
meta\index.html,51,html,285b1f38,Albab Neawz,2025-11-23,04:00:44,-08:00,2025-11-23T04:00:44-08:00,0,0
meta\index.html,52,html,285b1f38,Albab Neawz,2025-11-23,04:00:44,-08:00,2025-11-23T04:00:44-08:00,4,21
meta\index.html,53,html,d5c1891b,Albab Neawz,2025-11-23,00:30:06,-08:00,2025-11-23T00:30:06-08:00,0,0
meta\index.html,54,html,5aec2f76,Albab Neawz,2025-11-23,04:26:40,-08:00,2025-11-23T04:26:40-08:00,0,25
meta\index.html,55,html,5aec2f76,Albab Neawz,2025-11-23,04:26:40,-08:00,2025-11-23T04:26:40-08:00,0,0
meta\index.html,56,html,5aec2f76,Albab Neawz,2025-11-23,04:26:40,-08:00,2025-11-23T04:26:40-08:00,2,23
meta\index.html,57,html,5aec2f76,Albab Neawz,2025-11-23,04:26:40,-08:00,2025-11-23T04:26:40-08:00,2,18
meta\index.html,58,html,5aec2f76,Albab Neawz,2025-11-23,04:26:40,-08:00,2025-11-23T04:26:40-08:00,0,0
meta\index.html,59,html,5aec2f76,Albab Neawz,2025-11-23,04:26:40,-08:00,2025-11-23T04:26:40-08:00,4,18
meta\index.html,60,html,5aec2f76,Albab Neawz,2025-11-23,04:26:40,-08:00,2025-11-23T04:26:40-08:00,4,28
meta\index.html,61,html,5aec2f76,Albab Neawz,2025-11-23,04:26:40,-08:00,2025-11-23T04:26:40-08:00,0,0
meta\index.html,62,html,5aec2f76,Albab Neawz,2025-11-23,04:26:40,-08:00,2025-11-23T04:26:40-08:00,4,26
meta\index.html,63,html,5aec2f76,Albab Neawz,2025-11-23,04:26:40,-08:00,2025-11-23T04:26:40-08:00,4,21
meta\index.html,64,html,5aec2f76,Albab Neawz,2025-11-23,04:26:40,-08:00,2025-11-23T04:26:40-08:00,6,29
meta\index.html,65,html,5aec2f76,Albab Neawz,2025-11-23,04:26:40,-08:00,2025-11-23T04:26:40-08:00,6,20
meta\index.html,66,html,5aec2f76,Albab Neawz,2025-11-23,04:26:40,-08:00,2025-11-23T04:26:40-08:00,0,0
meta\index.html,67,html,5aec2f76,Albab Neawz,2025-11-23,04:26:40,-08:00,2025-11-23T04:26:40-08:00,6,50
meta\index.html,68,html,5aec2f76,Albab Neawz,2025-11-23,04:26:40,-08:00,2025-11-23T04:26:40-08:00,8,96
meta\index.html,69,html,5aec2f76,Albab Neawz,2025-11-23,04:26:40,-08:00,2025-11-23T04:26:40-08:00,8,37
meta\index.html,70,html,5aec2f76,Albab Neawz,2025-11-23,04:26:40,-08:00,2025-11-23T04:26:40-08:00,8,37
meta\index.html,71,html,5aec2f76,Albab Neawz,2025-11-23,04:26:40,-08:00,2025-11-23T04:26:40-08:00,8,41
meta\index.html,72,html,5aec2f76,Albab Neawz,2025-11-23,04:26:40,-08:00,2025-11-23T04:26:40-08:00,8,46
meta\index.html,73,html,5aec2f76,Albab Neawz,2025-11-23,04:26:40,-08:00,2025-11-23T04:26:40-08:00,6,3
meta\index.html,74,html,5aec2f76,Albab Neawz,2025-11-23,04:26:40,-08:00,2025-11-23T04:26:40-08:00,0,0
meta\index.html,75,html,5aec2f76,Albab Neawz,2025-11-23,04:26:40,-08:00,2025-11-23T04:26:40-08:00,6,45
meta\index.html,76,html,5aec2f76,Albab Neawz,2025-11-23,04:26:40,-08:00,2025-11-23T04:26:40-08:00,6,36
meta\index.html,77,html,5aec2f76,Albab Neawz,2025-11-23,04:26:40,-08:00,2025-11-23T04:26:40-08:00,6,45
meta\index.html,78,html,5aec2f76,Albab Neawz,2025-11-23,04:26:40,-08:00,2025-11-23T04:26:40-08:00,4,4
meta\index.html,79,html,d5c1891b,Albab Neawz,2025-11-23,00:30:06,-08:00,2025-11-23T00:30:06-08:00,0,0
meta\index.html,80,html,5aec2f76,Albab Neawz,2025-11-23,04:26:40,-08:00,2025-11-23T04:26:40-08:00,2,4
meta\index.html,81,html,5aec2f76,Albab Neawz,2025-11-23,04:26:40,-08:00,2025-11-23T04:26:40-08:00,0,4
meta\index.html,82,html,285b1f38,Albab Neawz,2025-11-23,04:00:44,-08:00,2025-11-23T04:00:44-08:00,0,0
meta\index.html,83,html,285b1f38,Albab Neawz,2025-11-23,04:00:44,-08:00,2025-11-23T04:00:44-08:00,0,0
meta\index.html,84,html,285b1f38,Albab Neawz,2025-11-23,04:00:44,-08:00,2025-11-23T04:00:44-08:00,4,21
meta\index.html,85,html,285b1f38,Albab Neawz,2025-11-23,04:00:44,-08:00,2025-11-23T04:00:44-08:00,4,20
meta\index.html,86,html,285b1f38,Albab Neawz,2025-11-23,04:00:44,-08:00,2025-11-23T04:00:44-08:00,6,3
meta\index.html,87,html,285b1f38,Albab Neawz,2025-11-23,04:00:44,-08:00,2025-11-23T04:00:44-08:00,8,18
meta\index.html,88,html,285b1f38,Albab Neawz,2025-11-23,04:00:44,-08:00,2025-11-23T04:00:44-08:00,6,4
meta\index.html,89,html,285b1f38,Albab Neawz,2025-11-23,04:00:44,-08:00,2025-11-23T04:00:44-08:00,0,0
meta\index.html,90,html,285b1f38,Albab Neawz,2025-11-23,04:00:44,-08:00,2025-11-23T04:00:44-08:00,6,18
meta\index.html,91,html,285b1f38,Albab Neawz,2025-11-23,04:00:44,-08:00,2025-11-23T04:00:44-08:00,8,25
meta\index.html,92,html,285b1f38,Albab Neawz,2025-11-23,04:00:44,-08:00,2025-11-23T04:00:44-08:00,6,4
meta\index.html,93,html,285b1f38,Albab Neawz,2025-11-23,04:00:44,-08:00,2025-11-23T04:00:44-08:00,4,4
meta\index.html,94,html,285b1f38,Albab Neawz,2025-11-23,04:00:44,-08:00,2025-11-23T04:00:44-08:00,2,4
meta\index.html,95,html,285b1f38,Albab Neawz,2025-11-23,04:00:44,-08:00,2025-11-23T04:00:44-08:00,0,0
meta\index.html,96,html,285b1f38,Albab Neawz,2025-11-23,04:00:44,-08:00,2025-11-23T04:00:44-08:00,2,48
meta\index.html,97,html,92950105,Albab Neawz,2025-11-23,04:03:29,-08:00,2025-11-23T04:03:29-08:00,2,45
meta\index.html,98,html,64b87859,Albab Neawz,2025-11-09,20:00:25,-08:00,2025-11-09T20:00:25-08:00,0,5
meta\index.html,99,html,285b1f38,Albab Neawz,2025-11-23,04:00:44,-08:00,2025-11-23T04:00:44-08:00,0,5
Contact\index.html,1,html,7debfe64,Albab Neawz,2025-10-03,22:21:27,-07:00,2025-10-03T22:21:27-07:00,0,13
Contact\index.html,2,html,7debfe64,Albab Neawz,2025-10-03,22:21:27,-07:00,2025-10-03T22:21:27-07:00,0,14
Contact\index.html,3,html,7debfe64,Albab Neawz,2025-10-03,22:21:27,-07:00,2025-10-03T22:21:27-07:00,0,4
Contact\index.html,4,html,7debfe64,Albab Neawz,2025-10-03,22:21:27,-07:00,2025-10-03T22:21:27-07:00,1,22
Contact\index.html,5,html,7debfe64,Albab Neawz,2025-10-03,22:21:27,-07:00,2025-10-03T22:21:27-07:00,1,70
Contact\index.html,6,html,7debfe64,Albab Neawz,2025-10-03,22:21:27,-07:00,2025-10-03T22:21:27-07:00,1,34
Contact\index.html,7,html,7debfe64,Albab Neawz,2025-10-03,22:21:27,-07:00,2025-10-03T22:21:27-07:00,1,43
Contact\index.html,8,html,7debfe64,Albab Neawz,2025-10-03,22:21:27,-07:00,2025-10-03T22:21:27-07:00,0,5
Contact\index.html,9,html,7debfe64,Albab Neawz,2025-10-03,22:21:27,-07:00,2025-10-03T22:21:27-07:00,0,4
Contact\index.html,10,html,7debfe64,Albab Neawz,2025-10-03,22:21:27,-07:00,2025-10-03T22:21:27-07:00,0,0
Contact\index.html,11,html,7debfe64,Albab Neawz,2025-10-03,22:21:27,-07:00,2025-10-03T22:21:27-07:00,1,3
Contact\index.html,12,html,7debfe64,Albab Neawz,2025-10-03,22:21:27,-07:00,2025-10-03T22:21:27-07:00,2,30
Contact\index.html,13,html,7debfe64,Albab Neawz,2025-10-03,22:21:27,-07:00,2025-10-03T22:21:27-07:00,2,43
Contact\index.html,14,html,9d853c99,Albab Neawz,2025-10-03,22:59:58,-07:00,2025-10-03T22:59:58-07:00,2,41
Contact\index.html,15,html,9d853c99,Albab Neawz,2025-10-03,22:59:58,-07:00,2025-10-03T22:59:58-07:00,2,39
Contact\index.html,16,html,64b87859,Albab Neawz,2025-11-09,20:00:25,-08:00,2025-11-09T20:00:25-08:00,2,35
Contact\index.html,17,html,7debfe64,Albab Neawz,2025-10-03,22:21:27,-07:00,2025-10-03T22:21:27-07:00,2,64
Contact\index.html,18,html,7debfe64,Albab Neawz,2025-10-03,22:21:27,-07:00,2025-10-03T22:21:27-07:00,1,4
Contact\index.html,19,html,d5f789f1,Albab Neawz,2025-10-10,21:45:10,-07:00,2025-10-10T21:45:10-07:00,0,0
Contact\index.html,20,html,7debfe64,Albab Neawz,2025-10-03,22:21:27,-07:00,2025-10-03T22:21:27-07:00,1,14
Contact\index.html,21,html,d5f789f1,Albab Neawz,2025-10-10,21:45:10,-07:00,2025-10-10T21:45:10-07:00,0,0
Contact\index.html,22,html,d5f789f1,Albab Neawz,2025-10-10,21:45:10,-07:00,2025-10-10T21:45:10-07:00,1,71
Contact\index.html,23,html,d5f789f1,Albab Neawz,2025-10-10,21:45:10,-07:00,2025-10-10T21:45:10-07:00,2,36
Contact\index.html,24,html,d5f789f1,Albab Neawz,2025-10-10,21:45:10,-07:00,2025-10-10T21:45:10-07:00,2,53
Contact\index.html,25,html,d5f789f1,Albab Neawz,2025-10-10,21:45:10,-07:00,2025-10-10T21:45:10-07:00,0,0
Contact\index.html,26,html,d5f789f1,Albab Neawz,2025-10-10,21:45:10,-07:00,2025-10-10T21:45:10-07:00,2,35
Contact\index.html,27,html,d5f789f1,Albab Neawz,2025-10-10,21:45:10,-07:00,2025-10-10T21:45:10-07:00,2,35
Contact\index.html,28,html,d5f789f1,Albab Neawz,2025-10-10,21:45:10,-07:00,2025-10-10T21:45:10-07:00,0,0
Contact\index.html,29,html,d5f789f1,Albab Neawz,2025-10-10,21:45:10,-07:00,2025-10-10T21:45:10-07:00,2,32
Contact\index.html,30,html,d5f789f1,Albab Neawz,2025-10-10,21:45:10,-07:00,2025-10-10T21:45:10-07:00,2,50
Contact\index.html,31,html,d5f789f1,Albab Neawz,2025-10-10,21:45:10,-07:00,2025-10-10T21:45:10-07:00,0,0
Contact\index.html,32,html,d5f789f1,Albab Neawz,2025-10-10,21:45:10,-07:00,2025-10-10T21:45:10-07:00,2,33
Contact\index.html,33,html,d5f789f1,Albab Neawz,2025-10-10,21:45:10,-07:00,2025-10-10T21:45:10-07:00,1,5
Contact\index.html,34,html,c1f6e706,Albab Neawz,2025-10-17,19:26:44,-07:00,2025-10-17T19:26:44-07:00,0,48
Contact\index.html,35,html,7debfe64,Albab Neawz,2025-10-03,22:21:27,-07:00,2025-10-03T22:21:27-07:00,0,0
Contact\index.html,36,html,7debfe64,Albab Neawz,2025-10-03,22:21:27,-07:00,2025-10-03T22:21:27-07:00,0,5
Contact\index.html,37,html,7debfe64,Albab Neawz,2025-10-03,22:21:27,-07:00,2025-10-03T22:21:27-07:00,0,5
Contact\index.html,38,html,d5f789f1,Albab Neawz,2025-10-10,21:45:10,-07:00,2025-10-10T21:45:10-07:00,0,0
Contact\index.html,39,html,d5f789f1,Albab Neawz,2025-10-10,21:45:10,-07:00,2025-10-10T21:45:10-07:00,0,5
